city,neighborhood,subdivision,geo_level,str_density,entire_home_share,commercial_host_share,median_nightly_price,avg_occupancy,breach_rate,risk_priority_score,cluster_label,cluster_distance,listings_impacted_90,listings_impacted_60,listings_impacted_30,active_listings,entire_home_count,reside_unregistered_count,reside_unregistered_share,p25_price,p75_price,total_revenue,multi_listing_host_share,professional_management_share,active_share
barcelona,Can Baró,Can Baró,subdivision,7,0.5714,0.1429,81.6,0.1951,0.5,35.41,emerging,0.22627,2,3,4,6,4,0,0.0,72.25,153.75,154039.0,0.4286,0.1667,0.8571
barcelona,Diagonal Mar i el Front Marítim del Poblenou,Diagonal Mar i el Front Marítim del Poblenou,subdivision,19,0.6842,0.1053,215.7,0.105,0.3077,33.09,saturated,0.17131,4,5,5,10,13,6,0.4615,171.9,323.9,332844.0,0.4211,0.125,0.5263
barcelona,Gothic Quarter,Gothic Quarter,subdivision,160,0.4438,0.2125,115.3,0.1091,0.2535,35.99,saturated,0.55913,18,23,26,90,71,31,0.4366,72.45,205.15,1767334.0,0.4688,0.1061,0.5625
barcelona,Horta,Horta,subdivision,1,0.0,0.0,0.0,0.0,,0.0,low_impact,0.30038,0,0,0,0,0,0,,0.0,0.0,0.0,0.0,0.0,0.0
barcelona,Hostafrancs,Hostafrancs,subdivision,32,0.4375,0.2812,93.1,0.1913,0.2857,29.43,saturated,0.40818,4,5,5,16,14,7,0.5,57.9,183.05,353171.0,0.4688,0.0,0.5
barcelona,Montbau,Montbau,subdivision,2,0.5,0.0,,,0.0,15.07,low_impact,0.26079,0,0,0,0,1,1,1.0,,,0.0,0.0,,0.0
barcelona,Navas,Navas,subdivision,7,0.5714,0.1429,138.4,0.2195,0.5,35.41,emerging,0.22865,2,2,3,4,4,1,0.25,56.35,246.675,118746.0,0.4286,0.25,0.5714
barcelona,Pedralbes,Pedralbes,subdivision,3,0.6667,0.0,182.45,0.1055,0.0,20.14,saturated,0.41556,0,0,1,2,2,1,0.5,158.475,206.425,36927.0,0.6667,0.0,0.6667
barcelona,Porta,Porta,subdivision,2,0.0,0.0,43.4,0.089,,0.07,low_impact,0.29167,0,0,0,1,0,0,,43.4,43.4,8601.0,0.0,0.0,0.5
barcelona,Provençals del Poblenou,Provençals del Poblenou,subdivision,15,0.6667,0.1333,141.25,0.1255,0.4,35.62,saturated,0.24343,4,5,5,8,10,3,0.3,93.5,201.55,139717.0,0.3333,0.0,0.5333
barcelona,Sant Andreu de Palomar,Sant Andreu de Palomar,subdivision,9,0.5556,0.4444,43.6,0.0797,0.2,32.1,saturated,0.44681,1,1,1,2,5,3,0.6,28.1,68.175,41036.0,0.5556,0.0,0.2222
barcelona,Sant Antoni,Sant Antoni,subdivision,79,0.6456,0.3291,219.95,0.2171,0.5098,46.55,emerging,0.48205,26,28,29,54,51,13,0.2549,120.9,319.1,2477340.0,0.5949,0.3488,0.6835
barcelona,Sant Gervasi - Galvany,Sant Gervasi - Galvany,subdivision,44,0.7273,0.3182,182.6,0.1678,0.4688,45.17,saturated,0.48815,15,17,21,35,32,5,0.1562,134.1,243.1,1062248.0,0.6591,0.25,0.7955
barcelona,Sant Gervasi - la Bonanova,Sant Gervasi - la Bonanova,subdivision,9,0.6667,0.3333,195.95,0.0959,0.5,42.21,emerging,0.36496,3,3,3,5,6,2,0.3333,79.05,271.45,161221.0,0.4444,0.0,0.5556
barcelona,Sant Martí de Provençals,Sant Martí de Provençals,subdivision,10,0.2,0.1,48.6,0.0,0.0,8.61,low_impact,0.25437,0,0,0,4,2,1,0.5,46.6,50.2,6668.0,0.3,0.0,0.4
barcelona,"Sant Pere, Santa Caterina i la Ribera","Sant Pere, Santa Caterina i la Ribera",subdivision,163,0.6135,0.1779,119.85,0.1226,0.31,42.28,saturated,0.50362,31,35,40,94,100,39,0.39,67.625,196.875,1606504.0,0.4663,0.2,0.5767
barcelona,Sants,Sants,subdivision,44,0.5682,0.2045,134.2,0.2063,0.44,37.26,emerging,0.2885,11,13,13,27,25,7,0.28,82.675,229.1,872828.0,0.3864,0.2609,0.6136
barcelona,Sants-Badal,Sants-Badal,subdivision,34,0.4706,0.0882,60.4,0.1381,0.375,29.38,emerging,0.32378,6,6,7,18,16,5,0.3125,48.05,170.7,223170.0,0.2941,0.2143,0.5294
barcelona,Sarrià,Sarrià,subdivision,7,0.7143,0.4286,160.05,0.1167,0.2,36.41,saturated,0.4034,1,1,2,6,5,0,0.0,139.0,205.475,74923.0,0.5714,0.5,0.8571
barcelona,Superilla Sant Antoni,Superilla Sant Antoni,subdivision,27,0.7407,0.3333,192.65,0.205,0.45,44.16,saturated,0.41556,9,10,10,17,20,5,0.25,120.65,262.75,628058.0,0.5185,0.2353,0.6296
barcelona,Torre Baró,Torre Baró,subdivision,3,0.0,0.0,212.4,0.0,,0.14,low_impact,0.64566,0,0,0,0,0,0,,212.4,212.4,0.0,0.6667,0.0,0.0
barcelona,Vallcarca i els Penitents,Vallcarca i els Penitents,subdivision,15,0.5333,0.0667,95.2,0.1024,0.375,29.54,saturated,0.29808,3,4,5,8,8,1,0.125,73.9,116.4,113342.0,0.3333,0.0,0.5333
barcelona,"Vallvidrera, el Tibidabo i les Planes","Vallvidrera, el Tibidabo i les Planes",subdivision,4,0.25,0.0,52.2,0.0593,1.0,37.7,emerging,0.60569,1,1,1,3,1,0,0.0,48.75,54.25,17008.0,0.0,0.0,0.75
barcelona,Verdun,Verdun,subdivision,4,0.25,0.0,83.55,0.011,0.0,7.7,low_impact,0.11992,0,0,0,2,1,0,0.0,72.225,94.875,5709.0,0.0,0.0,0.5
barcelona,Vilapicina i la Torre Llobeta,Vilapicina i la Torre Llobeta,subdivision,9,0.5556,0.1111,95.6,0.1352,0.2,25.43,saturated,0.24013,1,3,4,6,5,0,0.0,80.625,115.675,42183.0,0.4444,0.0,0.6667
barcelona,el Baix Guinardó,el Baix Guinardó,subdivision,18,0.5,0.1111,80.2,0.2465,0.5556,35.05,emerging,0.172,5,6,8,13,9,0,0.0,62.6,210.05,394576.0,0.2222,0.1818,0.7222
barcelona,el Besòs i el Maresme,el Besòs i el Maresme,subdivision,10,0.5,0.0,118.25,0.1346,0.4,27.61,emerging,0.30508,2,2,2,5,5,1,0.2,46.7,210.55,90894.0,0.2,0.2,0.5
barcelona,el Camp d'en Grassot i Gràcia Nova,el Camp d'en Grassot i Gràcia Nova,subdivision,37,0.7838,0.1351,243.2,0.3199,0.6552,48.32,emerging,0.25993,19,20,20,27,29,6,0.2069,122.775,299.85,1268444.0,0.3243,0.0909,0.7297
barcelona,el Camp de l'Arpa del Clot,el Camp de l'Arpa del Clot,subdivision,35,0.6286,0.1714,123.65,0.1561,0.2727,32.78,saturated,0.29492,6,6,6,17,22,11,0.5,75.5,248.05,370146.0,0.5714,0.2308,0.4857
barcelona,el Carmel,el Carmel,subdivision,13,0.3846,0.1538,88.6,0.1366,0.2,21.43,low_impact,0.26696,1,1,1,6,5,3,0.6,41.35,155.0,22252.0,0.1538,0.0,0.4615
barcelona,el Clot,el Clot,subdivision,8,0.625,0.125,92.1,0.1634,0.6,39.73,emerging,0.1726,3,4,4,7,5,0,0.0,59.65,168.9,151130.0,0.125,0.0,0.875
barcelona,el Coll,el Coll,subdivision,5,0.4,0.4,178.0,0.0,0.5,35.27,emerging,0.4961,1,1,1,2,2,1,0.5,89.0,268.7,15624.0,0.4,0.0,0.4
barcelona,el Congrés i els Indians,el Congrés i els Indians,subdivision,8,0.375,0.25,113.15,0.1315,0.6667,36.73,emerging,0.30249,2,2,2,6,3,1,0.3333,80.85,147.1,154693.0,0.25,0.25,0.75
barcelona,el Fort Pienc,el Fort Pienc,subdivision,67,0.5224,0.2687,165.2,0.1519,0.5143,40.96,emerging,0.39518,18,21,21,43,35,10,0.2857,96.4,325.0,1434366.0,0.5224,0.1667,0.6418
barcelona,el Guinardó,el Guinardó,subdivision,15,0.2,0.0,45.9,0.0922,0.3333,16.95,low_impact,0.31126,1,1,1,9,3,1,0.3333,23.375,86.675,97204.0,0.1333,0.0,0.6
barcelona,el Parc i la Llacuna del Poblenou,el Parc i la Llacuna del Poblenou,subdivision,25,0.44,0.08,129.45,0.1812,0.3636,27.34,emerging,0.37256,4,5,5,13,11,4,0.3636,66.275,207.1,255302.0,0.44,0.0,0.52
barcelona,el Poble-sec,el Poble-sec,subdivision,118,0.7034,0.3644,211.2,0.2331,0.5542,52.98,emerging,0.55172,46,49,54,80,83,18,0.2169,106.9,273.15,3173628.0,0.5593,0.2727,0.678
barcelona,el Poblenou,el Poblenou,subdivision,59,0.7288,0.1186,198.2,0.2261,0.4884,42.83,emerging,0.26936,21,23,25,39,43,15,0.3488,101.05,277.4,1511173.0,0.3559,0.1429,0.661
barcelona,el Putget i Farró,el Putget i Farró,subdivision,23,0.6522,0.3913,198.1,0.1445,0.4667,42.89,emerging,0.46808,7,7,8,16,15,6,0.4,116.0,273.0,358223.0,0.5652,0.1818,0.6957
barcelona,el Raval,el Raval,subdivision,203,0.4236,0.1281,96.9,0.1146,0.3256,38.78,saturated,0.68189,28,32,35,106,86,31,0.3605,67.3,180.7,1946921.0,0.3842,0.1447,0.5222
barcelona,el Turó de la Peira,el Turó de la Peira,subdivision,5,0.0,0.0,22.0,0.0,,0.27,low_impact,0.4235,0,0,0,4,0,0,,20.15,45.775,836.0,0.4,0.0,0.8
barcelona,l'Antiga Esquerra de l'Eixample,l'Antiga Esquerra de l'Eixample,subdivision,148,0.6351,0.3446,181.7,0.206,0.4574,49.67,saturated,0.63645,43,46,51,103,94,17,0.1809,105.85,301.8,3982310.0,0.6351,0.2727,0.6959
barcelona,la Barceloneta,la Barceloneta,subdivision,68,0.7353,0.2059,95.75,0.0931,0.26,38.53,saturated,0.26899,13,16,17,37,50,19,0.38,68.725,187.0,663163.0,0.5441,0.0303,0.5441
barcelona,la Bordeta,la Bordeta,subdivision,5,0.2,0.0,118.85,0.4445,1.0,36.27,emerging,0.69208,1,1,1,1,1,0,0.0,109.025,128.675,54599.0,0.0,0.0,0.2
barcelona,la Clota,la Clota,subdivision,1,1.0,0.0,119.8,0.0,0.0,30.0,saturated,0.49983,0,0,0,1,1,0,0.0,119.8,119.8,0.0,0.0,0.0,1.0
barcelona,la Dreta de l'Eixample,la Dreta de l'Eixample,subdivision,295,0.6814,0.2644,265.6,0.2296,0.4726,59.91,saturated,1.0187,95,111,119,209,201,59,0.2935,131.7,404.2,11371501.0,0.6508,0.2795,0.7085
barcelona,la Font d'en Fargues,la Font d'en Fargues,subdivision,2,0.5,0.0,66.1,0.0,1.0,45.07,emerging,0.5048,1,1,1,1,1,0,0.0,66.1,66.1,8120.0,0.5,0.0,0.5
barcelona,la Font de la Guatlla,la Font de la Guatlla,subdivision,12,0.8333,0.1667,230.4,0.3951,0.7,50.08,emerging,0.38224,7,7,8,9,10,2,0.2,177.7,263.1,454796.0,0.4167,0.1667,0.75
barcelona,la Guineueta,la Guineueta,subdivision,1,0.0,0.0,37.3,0.0,,0.0,low_impact,0.30038,0,0,0,1,0,0,,37.3,37.3,1362.0,0.0,0.0,1.0
barcelona,la Marina de Port,la Marina de Port,subdivision,9,0.2222,0.0,47.45,0.0916,0.5,22.21,emerging,0.4472,1,1,1,6,2,1,0.5,30.65,87.4,76900.0,0.2222,0.0,0.6667
barcelona,la Marina del Prat Vermell,la Marina del Prat Vermell,subdivision,1,1.0,0.0,,,0.0,30.0,saturated,0.76044,0,0,0,0,1,1,1.0,,,0.0,1.0,,0.0
barcelona,la Maternitat i Sant Ramon,la Maternitat i Sant Ramon,subdivision,10,0.3,0.2,80.25,0.1667,0.3333,23.61,low_impact,0.42895,1,1,1,5,3,1,0.3333,68.5,81.8,70829.0,0.3,0.0,0.5
barcelona,la Nova Esquerra de l'Eixample,la Nova Esquerra de l'Eixample,subdivision,114,0.5263,0.4035,190.3,0.2415,0.5167,47.05,emerging,0.57699,31,34,36,63,60,19,0.3167,101.5,337.225,2914637.0,0.5702,0.2917,0.5526
barcelona,la Prosperitat,la Prosperitat,subdivision,3,0.3333,0.0,72.7,0.0,0.0,10.14,low_impact,0.14049,0,0,1,2,1,0,0.0,66.25,79.15,4662.0,0.0,0.0,0.6667
barcelona,la Sagrada Família,la Sagrada Família,subdivision,144,0.7361,0.2847,251.4,0.2455,0.5,52.5,emerging,0.56517,53,57,61,98,106,30,0.283,105.15,323.25,4566898.0,0.4792,0.2439,0.6806
barcelona,la Sagrera,la Sagrera,subdivision,7,0.5714,0.1429,88.0,0.0927,0.5,35.41,emerging,0.26097,2,2,3,5,4,1,0.25,67.075,173.425,123064.0,0.4286,0.0,0.7143
barcelona,la Salut,la Salut,subdivision,7,0.4286,0.2857,141.1,0.086,0.6667,38.98,emerging,0.30787,2,2,2,3,3,1,0.3333,69.525,575.1,53776.0,0.2857,0.0,0.4286
barcelona,la Teixonera,la Teixonera,subdivision,2,0.5,0.0,,,0.0,15.07,low_impact,0.26079,0,0,0,0,1,1,1.0,,,0.0,0.0,,0.0
barcelona,la Trinitat Vella,la Trinitat Vella,subdivision,1,0.0,0.0,42.0,0.0,,0.0,low_impact,0.30038,0,0,0,1,0,0,,42.0,42.0,4982.0,0.0,,1.0
barcelona,la Vall d'Hebron,la Vall d'Hebron,subdivision,1,0.0,0.0,57.2,0.0,,0.0,low_impact,0.30038,0,0,0,1,0,0,,57.2,57.2,1742.0,0.0,,1.0
barcelona,la Verneda i la Pau,la Verneda i la Pau,subdivision,4,0.0,0.0,33.2,0.0,,0.2,low_impact,0.32918,0,0,0,2,0,0,,16.6,37.0,1327.0,0.25,0.0,0.5
barcelona,la Vila Olímpica del Poblenou,la Vila Olímpica del Poblenou,subdivision,15,0.8,0.2,240.2,0.2629,0.5833,46.45,emerging,0.31364,7,7,7,12,12,3,0.25,103.125,264.025,462591.0,0.4667,0.4,0.8
barcelona,la Vila de Gràcia,la Vila de Gràcia,subdivision,104,0.7308,0.25,213.6,0.2275,0.4474,47.35,saturated,0.45887,34,39,43,72,76,20,0.2632,100.55,304.375,2506987.0,0.5192,0.1961,0.6923
barcelona,les Corts,les Corts,subdivision,32,0.875,0.25,155.05,0.1394,0.3214,43.0,saturated,0.45138,9,14,16,23,28,7,0.25,93.9,266.45,547747.0,0.7188,0.0455,0.7188
barcelona,les Roquetes,les Roquetes,subdivision,1,0.0,0.0,47.3,0.0,,0.0,low_impact,0.30038,0,0,0,1,0,0,,47.3,47.3,196.0,0.0,,1.0
barcelona,les Tres Torres,les Tres Torres,subdivision,9,0.7778,0.4444,166.5,0.1493,0.7143,54.2,emerging,0.49515,5,5,5,8,7,0,0.0,87.4,198.8,230905.0,0.5556,0.125,0.8889
london,Abbey Wood,Abbey Wood,subdivision,13,0.3077,0.0,55.3,0.1192,0.5,25.05,emerging,0.37565,2,2,2,8,4,0,0.0,48.9,131.75,61765.0,0.3846,0.0,0.6154
london,Abbots Manor Estate,Abbots Manor Estate,subdivision,1,1.0,0.0,0.0,0.0,0.0,30.0,saturated,0.49983,0,0,0,0,1,0,0.0,0.0,0.0,0.0,0.0,0.0,0.0
london,Addiscombe,Addiscombe,subdivision,16,0.3125,0.0625,117.3,0.0764,0.2,17.65,low_impact,0.44801,1,1,1,7,5,1,0.2,77.625,201.225,37020.0,0.5,0.0,0.4375
london,Albany Park,Albany Park,subdivision,2,0.5,0.0,47.8,0.0,0.0,15.07,low_impact,0.26079,0,0,0,0,1,1,1.0,47.8,47.8,0.0,0.0,,0.0
london,Aldgate,Aldgate,subdivision,1,1.0,0.0,428.2,0.667,1.0,60.0,emerging,1.08429,1,1,1,1,1,0,0.0,428.2,428.2,139481.0,1.0,0.0,1.0
london,Alperton,Alperton,subdivision,15,0.5333,0.0667,113.65,0.0067,0.125,22.04,saturated,0.26914,1,2,2,9,8,5,0.625,72.95,212.1,93730.0,0.2667,0.0,0.6
london,Amberley Estate,Amberley Estate,subdivision,1,1.0,0.0,,,0.0,30.0,saturated,0.49983,0,0,0,0,1,1,1.0,,,0.0,0.0,,0.0
london,Anerley,Anerley,subdivision,5,0.4,0.0,58.1,0.0055,0.0,12.27,low_impact,0.34726,0,1,1,4,2,0,0.0,46.6,99.25,14114.0,0.4,0.0,0.8
london,Aperfield,Aperfield,subdivision,1,0.0,0.0,,,,0.0,low_impact,0.30038,0,0,0,0,0,0,,,,0.0,0.0,,0.0
london,Archway,Archway,subdivision,36,0.5556,0.0278,127.9,0.1167,0.3,28.6,saturated,0.24331,6,7,7,25,20,9,0.45,85.05,178.925,343147.0,0.3333,0.2353,0.6944
london,Ardleigh Green,Ardleigh Green,subdivision,1,0.0,0.0,85.7,0.089,,0.0,low_impact,0.29185,0,0,0,1,0,0,,85.7,85.7,15480.0,0.0,0.0,1.0
london,Balham,Balham,subdivision,32,0.6562,0.0312,198.5,0.1492,0.2381,29.56,saturated,0.26045,5,7,8,17,21,8,0.381,118.3,356.1,385090.0,0.125,0.125,0.5312
london,Banbury Park,Banbury Park,subdivision,2,1.0,0.0,215.9,0.0,0.0,30.07,saturated,0.40415,0,1,1,2,2,0,0.0,162.9,268.9,22643.0,0.5,0.0,1.0
london,Barking Riverside,Barking Riverside,subdivision,3,0.3333,0.0,119.15,0.0,0.0,10.14,low_impact,0.14049,0,0,0,1,1,0,0.0,89.975,148.325,379.0,0.0,0.0,0.3333
london,Barkingside,Barkingside,subdivision,3,0.3333,0.0,61.25,0.0,0.0,10.14,low_impact,0.14049,0,0,0,2,1,1,1.0,60.075,62.425,401.0,0.0,0.0,0.6667
london,Barnehurst,Barnehurst,subdivision,5,0.6,0.0,173.9,0.0,0.0,18.27,saturated,0.30966,0,0,0,4,3,2,0.6667,52.0,298.175,3414.0,0.4,0.0,0.8
london,Barnsbury,Barnsbury,subdivision,109,0.7064,0.0917,180.55,0.1661,0.3117,39.72,saturated,0.33228,24,27,33,71,77,24,0.3117,130.175,235.65,1801224.0,0.4587,0.1228,0.6514
london,Battersea,Battersea,subdivision,81,0.6049,0.0494,134.4,0.1389,0.2041,30.7,saturated,0.24786,10,13,19,53,49,15,0.3061,84.325,259.25,1168754.0,0.2593,0.0,0.6543
london,Battersea Exchange,Battersea Exchange,subdivision,2,1.0,0.0,,,0.0,30.07,saturated,0.49912,0,0,0,0,2,2,1.0,,,0.0,0.0,,0.0
london,Bayswater,Bayswater,neighborhood,31,0.7097,0.3871,186.1,0.1793,0.3636,41.98,saturated,0.46393,8,9,10,19,22,6,0.2727,140.225,316.825,668921.0,0.6452,0.0714,0.6129
london,Beam Park,Beam Park,subdivision,1,1.0,0.0,210.3,0.0,0.0,30.0,saturated,0.49983,0,0,0,1,1,0,0.0,210.3,210.3,0.0,0.0,,1.0
london,Beckenham,Beckenham,subdivision,2,1.0,0.0,165.7,0.067,0.5,45.07,emerging,0.53525,1,1,1,1,2,1,0.5,165.7,165.7,31957.0,0.0,0.0,0.5
london,Beckton,Beckton,subdivision,8,0.625,0.125,181.7,0.037,0.2,27.73,saturated,0.18719,1,1,2,6,5,1,0.2,141.1,236.25,52440.0,0.25,0.0,0.75
london,Becontree,Becontree,subdivision,7,0.4286,0.1429,108.9,0.1168,0.0,16.12,low_impact,0.22267,0,0,0,1,3,1,0.3333,65.7,199.3,18131.0,0.1429,0.0,0.1429
london,Becontree Heath,Becontree Heath,subdivision,1,0.0,0.0,64.9,0.7,,0.0,low_impact,0.87013,0,0,0,1,0,0,,64.9,64.9,6311.0,0.0,0.0,1.0
london,Beddington,Beddington,subdivision,1,0.0,0.0,48.2,0.567,,0.0,low_impact,0.71121,0,0,0,1,0,0,,48.2,48.2,6826.0,0.0,0.0,1.0
london,Bedfont,Bedfont,subdivision,5,0.2,0.0,74.6,0.0037,0.0,6.27,low_impact,0.1427,0,0,0,3,1,1,1.0,53.15,82.05,2702.0,0.0,0.0,0.6
london,Bedford Park,Bedford Park,subdivision,3,1.0,0.0,124.3,0.0,0.0,30.14,saturated,0.75951,0,0,0,3,3,3,1.0,124.25,131.1,1605.0,1.0,,1.0
london,Belgravia,Belgravia,subdivision,22,0.9545,0.4091,392.3,0.2111,0.3333,48.24,saturated,0.5432,7,8,8,15,21,8,0.381,296.1,725.8,818839.0,0.6818,0.4545,0.6818
london,Bellenden,Bellenden,subdivision,6,0.6667,0.0,166.9,0.0972,0.5,35.34,emerging,0.35415,2,2,2,4,4,2,0.5,127.2,211.475,86894.0,0.0,0.0,0.6667
london,Belmont,Belmont,subdivision,1,1.0,0.0,,,0.0,30.0,saturated,0.49983,0,0,0,0,1,1,1.0,,,0.0,0.0,,0.0
london,Belsize Park,Belsize Park,subdivision,61,0.8361,0.1475,239.9,0.114,0.2157,38.59,saturated,0.14224,11,13,14,36,51,26,0.5098,130.8,336.4,707434.0,0.3279,0.0769,0.5902
london,Benhilton,Benhilton,subdivision,9,0.3333,0.1111,73.15,0.1041,0.3333,22.76,low_impact,0.32073,1,1,2,8,3,0,0.0,59.575,114.225,51322.0,0.1111,0.0,0.8889
london,Bermondsey,Bermondsey,subdivision,48,0.5417,0.0208,122.0,0.1337,0.1154,23.33,saturated,0.25389,3,4,5,27,26,12,0.4615,70.5,232.8,262642.0,0.3958,0.0,0.5625
london,Berrylands,Berrylands,subdivision,3,0.3333,0.3333,45.0,0.061,0.0,16.8,low_impact,0.40594,0,0,0,1,1,0,0.0,22.5,67.5,5281.0,0.3333,0.0,0.3333
london,Bethnal Green,Bethnal Green,subdivision,86,0.5233,0.0698,133.3,0.113,0.2667,30.88,saturated,0.31026,12,15,15,54,45,13,0.2889,66.175,218.85,887918.0,0.2791,0.0278,0.6279
london,Bexley,Bexley,subdivision,3,0.3333,0.0,109.9,0.1703,1.0,40.14,emerging,0.53394,1,1,1,2,1,0,0.0,82.3,265.7,63138.0,0.0,0.0,0.6667
london,Bickley,Bickley,subdivision,1,1.0,0.0,193.6,0.0,0.0,30.0,saturated,0.49983,0,0,0,1,1,0,0.0,193.6,193.6,2306.0,0.0,,1.0
london,Bishopsgate Without,Bishopsgate Without,subdivision,1,1.0,0.0,393.1,0.722,1.0,60.0,emerging,1.12546,1,1,1,1,1,0,0.0,393.1,393.1,122087.0,1.0,0.0,1.0
london,Blackfen,Blackfen,subdivision,3,1.0,0.0,162.0,0.026,0.0,30.14,saturated,0.48798,0,1,1,3,3,0,0.0,158.6,163.6,16154.0,0.6667,0.0,1.0
london,Blackheath,Blackheath,subdivision,12,0.6667,0.0833,134.6,0.1277,0.25,29.92,saturated,0.16134,2,2,2,6,8,3,0.375,67.65,219.225,96603.0,0.25,0.0,0.5
london,Blackwall,Blackwall,subdivision,27,0.6667,0.0741,168.15,0.0611,0.1667,28.25,saturated,0.12564,3,3,3,17,18,10,0.5556,96.625,276.125,189868.0,0.4074,0.1,0.6296
london,Blendon,Blendon,subdivision,1,0.0,0.0,46.0,0.022,,0.0,low_impact,0.29418,0,0,0,1,0,0,,46.0,46.0,7948.0,0.0,0.0,1.0
london,Bloomsbury,Bloomsbury,subdivision,69,0.7101,0.2319,282.8,0.1211,0.1429,34.85,saturated,0.29246,7,9,15,43,49,23,0.4694,184.0,468.625,949340.0,0.5652,0.12,0.6232
london,Bow,Bow,subdivision,78,0.6667,0.0641,139.5,0.0955,0.2308,33.45,saturated,0.24496,12,16,18,48,52,17,0.3269,82.875,208.65,643638.0,0.1795,0.0263,0.6154
london,Bowes,Bowes,subdivision,5,0.2,0.0,69.6,0.1668,1.0,36.27,emerging,0.61352,1,1,1,4,1,0,0.0,64.2,89.4,46847.0,0.0,0.0,0.8
london,Brent Cross,Brent Cross,subdivision,8,0.875,0.375,150.2,0.2001,0.5714,51.37,emerging,0.53295,4,5,6,7,7,0,0.0,133.95,196.05,190253.0,0.625,0.0,0.875
london,Brixton,Brixton,subdivision,58,0.6552,0.069,115.8,0.1074,0.2368,32.02,saturated,0.26022,9,10,11,29,38,17,0.4474,68.8,207.2,456638.0,0.1207,0.0,0.5
london,Broad Green,Broad Green,subdivision,18,0.7778,0.0556,130.0,0.0407,0.1429,29.89,saturated,0.12963,2,4,4,11,14,6,0.4286,48.15,157.475,84488.0,0.2778,0.125,0.6111
london,Broadfields,Broadfields,subdivision,1,0.0,0.0,47.5,0.056,,0.0,low_impact,0.28982,0,0,0,1,0,0,,47.5,47.5,2308.0,0.0,0.0,1.0
london,Brockley,Brockley,subdivision,15,0.7333,0.0,162.0,0.1481,0.2727,31.13,saturated,0.37787,3,4,4,10,11,2,0.1818,91.075,247.75,143222.0,0.0,0.0,0.6667
london,Brompton,Brompton,subdivision,100,0.95,0.15,306.6,0.1155,0.2105,44.55,saturated,0.34301,20,28,35,65,95,44,0.4632,209.8,449.2,1868905.0,0.48,0.2143,0.65
london,Brondesbury,Brondesbury,subdivision,55,0.6727,0.3091,137.95,0.0509,0.1351,34.09,saturated,0.3385,5,5,7,31,37,21,0.5676,97.825,263.45,339760.0,0.5818,0.0,0.5636
london,Brook Green,Brook Green,subdivision,24,0.8333,0.2083,206.5,0.1439,0.35,41.23,saturated,0.22127,7,10,10,19,20,4,0.2,158.4,295.4,536438.0,0.3333,0.1875,0.7917
london,Brunswick Park,Brunswick Park,subdivision,4,0.0,0.0,59.0,0.2963,,0.2,low_impact,0.4179,0,0,0,3,0,0,,56.35,65.7,30422.0,0.0,0.0,0.75
london,Burnt Ash,Burnt Ash,subdivision,2,1.0,0.0,247.15,0.139,0.5,45.07,saturated,0.4686,1,1,1,2,2,0,0.0,185.225,309.075,66590.0,0.5,0.0,1.0
london,Burnt Ash Green,Burnt Ash Green,subdivision,2,0.5,0.0,57.4,0.0,0.0,15.07,low_impact,0.26079,0,0,0,1,1,1,1.0,57.4,57.4,3984.0,0.0,0.0,0.5
london,Burnt Oak,Burnt Oak,subdivision,2,0.5,0.0,,,0.0,15.07,low_impact,0.26079,0,0,0,0,1,1,1.0,,,0.0,0.0,,0.0
london,Callis Yard,Callis Yard,subdivision,15,0.6667,0.0667,163.9,0.0239,0.1,25.29,saturated,0.21421,1,3,3,6,10,5,0.5,120.55,184.8,69159.0,0.2,0.0,0.4
london,Camberwell,Camberwell,subdivision,59,0.6271,0.0847,127.1,0.1,0.1351,28.51,saturated,0.21922,5,9,9,36,37,13,0.3514,80.725,189.3,408724.0,0.1864,0.0385,0.6102
london,Canary Wharf,Canary Wharf,subdivision,22,0.7273,0.0909,267.9,0.1356,0.1875,30.69,saturated,0.07599,3,6,8,13,16,6,0.375,153.7,297.45,301337.0,0.3636,0.1667,0.5909
london,Cane Hill Park,Cane Hill Park,subdivision,1,0.0,0.0,79.1,0.0,,0.0,low_impact,0.30038,0,0,0,1,0,0,,79.1,79.1,0.0,0.0,,1.0
london,Cann Hall,Cann Hall,subdivision,4,0.5,0.0,154.6,0.25,1.0,45.2,emerging,0.47403,2,2,2,4,2,0,0.0,92.45,242.3,83361.0,0.0,0.0,1.0
london,Canning Town,Canning Town,subdivision,44,0.4773,0.0455,127.9,0.1308,0.1905,23.87,low_impact,0.31496,4,6,7,28,21,10,0.4762,88.2,241.5,381430.0,0.1818,0.0526,0.6364
london,Carlton Gate,Carlton Gate,subdivision,2,1.0,0.0,238.75,0.122,0.5,45.07,emerging,0.51811,1,1,1,2,2,1,0.5,202.425,275.075,53082.0,0.0,0.0,1.0
london,Carolina Wong,Carolina Wong,subdivision,2,1.0,0.0,378.9,0.3,0.5,45.07,emerging,0.50122,1,1,1,1,2,1,0.5,378.9,378.9,47657.0,0.5,0.0,0.5
london,Carshalton Beeches,Carshalton Beeches,subdivision,4,0.75,0.5,90.4,0.0278,0.3333,42.7,saturated,0.46261,1,1,1,3,3,0,0.0,64.65,100.35,32200.0,0.5,0.0,0.75
london,Carshalton-on-the-Hill,Carshalton-on-the-Hill,subdivision,1,0.0,0.0,47.5,0.0,,0.0,low_impact,0.30038,0,0,0,0,0,0,,47.5,47.5,0.0,0.0,,0.0
london,Carterhatch,Carterhatch,subdivision,1,1.0,0.0,266.3,0.0,0.0,30.0,saturated,0.49983,0,0,0,0,1,0,0.0,266.3,266.3,264.0,0.0,0.0,0.0
london,Catford South,Catford South,subdivision,11,0.3636,0.0,68.7,0.0815,0.25,19.09,low_impact,0.29725,1,1,1,1,4,0,0.0,16.35,96.825,14675.0,0.2727,0.0,0.0909
london,Central Hill Estate,Central Hill Estate,subdivision,2,0.5,0.0,58.8,0.1,0.0,15.07,low_impact,0.25329,0,0,0,1,1,1,1.0,58.8,58.8,6998.0,0.0,0.0,0.5
london,Chadwell Heath,Chadwell Heath,subdivision,4,0.75,0.0,147.45,0.086,0.3333,32.7,saturated,0.23068,1,1,1,3,3,0,0.0,129.05,202.925,29134.0,0.25,0.0,0.75
london,Chalk Farm,Chalk Farm,subdivision,72,0.6806,0.25,219.4,0.1875,0.2245,36.98,saturated,0.33307,11,12,15,37,49,26,0.5306,104.35,322.175,1242388.0,0.5694,0.1034,0.5139
london,Chalk Hill Estate,Chalk Hill Estate,subdivision,3,1.0,0.0,255.9,0.048,0.0,30.14,saturated,0.48364,0,1,1,3,3,0,0.0,241.7,287.1,40779.0,0.6667,0.0,1.0
london,Chapel End,Chapel End,subdivision,3,0.6667,0.0,68.7,0.3443,0.5,35.14,emerging,0.38477,1,1,1,2,2,0,0.0,34.35,219.85,95836.0,0.0,0.0,0.6667
london,Charlton,Charlton,subdivision,12,0.4167,0.0,177.6,0.0272,0.0,13.25,low_impact,0.15845,0,1,3,7,5,1,0.2,74.0,229.3,74466.0,0.0833,0.5,0.5833
london,Charlton Riverside,Charlton Riverside,subdivision,10,0.6,0.2,142.55,0.0404,0.0,22.61,saturated,0.27667,0,0,1,7,6,2,0.3333,69.175,241.275,24511.0,0.4,0.0,0.7
london,Chelsea,Chelsea,subdivision,123,0.9106,0.2683,405.2,0.1059,0.2321,47.95,saturated,0.42289,26,33,42,82,112,43,0.3839,229.25,719.35,3902021.0,0.5122,0.24,0.6667
london,Chelsea Creek,Chelsea Creek,subdivision,5,1.0,0.0,341.0,0.1156,0.4,42.27,saturated,0.45204,2,3,3,5,5,0,0.0,243.9,495.8,224059.0,0.6,0.0,1.0
london,Chelsea Waterfront,Chelsea Waterfront,subdivision,1,1.0,0.0,156.3,0.0,0.0,30.0,saturated,0.49983,0,0,0,1,1,0,0.0,156.3,156.3,1619.0,0.0,1.0,1.0
london,Chessington,Chessington,subdivision,2,1.0,0.0,227.05,0.0,0.0,30.07,saturated,0.49912,0,0,0,2,2,2,1.0,225.725,228.375,0.0,0.0,,1.0
london,Chingford,Chingford,subdivision,5,0.6,0.0,73.5,0.0,0.0,18.27,saturated,0.30966,0,0,0,2,3,1,0.3333,36.75,95.9,603.0,0.4,0.0,0.4
london,Chislehurst,Chislehurst,subdivision,3,1.0,0.0,160.7,0.059,0.0,30.14,saturated,0.48207,0,1,2,3,3,0,0.0,157.5,161.15,22324.0,0.6667,0.0,1.0
london,Chiswick Business Park,Chiswick Business Park,subdivision,2,0.5,0.0,206.4,0.0,0.0,15.07,low_impact,0.26079,0,0,0,1,1,0,0.0,161.7,251.1,2204.0,0.0,0.0,0.5
london,Church End,Church End,subdivision,11,0.6364,0.0,95.2,0.2335,0.2857,28.34,saturated,0.31155,2,2,2,3,7,4,0.5714,57.675,125.775,88620.0,0.1818,0.0,0.2727
london,Churchill Gardens Estate,Churchill Gardens Estate,subdivision,9,0.4444,0.0,106.9,0.3047,0.25,21.38,saturated,0.43409,1,1,1,7,4,1,0.25,87.7,239.65,220907.0,0.3333,0.0,0.7778
london,Clapham,Clapham,subdivision,61,0.7213,0.082,196.7,0.1256,0.2955,36.23,saturated,0.22336,13,13,15,43,44,13,0.2955,96.1,316.0,1213459.0,0.1803,0.0,0.7049
london,Clapham Junction,Clapham Junction,subdivision,87,0.8046,0.1264,213.1,0.1113,0.2571,40.23,saturated,0.21825,18,22,26,57,70,25,0.3571,137.8,282.7,1094527.0,0.2759,0.0,0.6552
london,Clapton,Clapton,subdivision,56,0.7143,0.0357,160.1,0.1032,0.15,30.38,saturated,0.21394,6,13,16,36,40,7,0.175,91.925,203.05,558713.0,0.1607,0.0526,0.6429
london,Clayhall,Clayhall,subdivision,3,0.6667,0.0,,,0.0,20.14,low_impact,0.41436,0,0,0,0,2,2,1.0,,,0.0,0.0,,0.0
london,Clayponds Gardens,Clayponds Gardens,subdivision,2,0.5,0.0,,,0.0,15.07,low_impact,0.26079,0,0,0,0,1,1,1.0,,,0.0,0.0,,0.0
london,Clerkenwell,Clerkenwell,subdivision,71,0.831,0.1408,264.0,0.1594,0.322,42.17,saturated,0.24273,19,24,26,50,59,17,0.2881,198.425,364.375,1487279.0,0.4225,0.1538,0.7042
london,Cockfosters,Cockfosters,subdivision,1,0.0,0.0,,,,0.0,low_impact,0.30038,0,0,0,0,0,0,,,,0.0,0.0,,0.0
london,Colindale,Colindale,subdivision,21,0.5238,0.0952,100.55,0.0,0.0,18.98,saturated,0.34558,0,0,0,8,11,7,0.6364,67.625,152.7,12994.0,0.4762,0.0,0.381
london,College Park,College Park,subdivision,10,0.8,0.4,233.55,0.0,0.125,36.36,saturated,0.42095,1,1,2,6,8,5,0.625,194.475,258.15,70138.0,0.6,0.0,0.6
london,Collier Row,Collier Row,subdivision,3,1.0,0.0,115.4,0.0,0.0,30.14,saturated,0.49843,0,0,0,2,3,2,0.6667,57.7,121.15,0.0,0.0,0.0,0.6667
london,Collier's Wood,Collier's Wood,subdivision,17,0.7059,0.0,165.0,0.0243,0.0833,24.76,saturated,0.19406,1,1,2,8,12,7,0.5833,115.15,244.0,38209.0,0.2941,0.0,0.4706
london,Colnbrook with Poyle,Colnbrook with Poyle,subdivision,1,0.0,0.0,,,,0.0,low_impact,0.30038,0,0,0,0,0,0,,,,0.0,0.0,,0.0
london,Colney Hatch,Colney Hatch,subdivision,8,0.25,0.0,83.7,0.0237,0.5,22.98,emerging,0.50643,1,1,2,6,2,0,0.0,60.85,109.9,22059.0,0.5,0.0,0.75
london,Coombe,Coombe,subdivision,2,0.5,0.0,66.0,0.156,0.0,15.07,low_impact,0.27645,0,0,0,1,1,1,1.0,66.0,66.0,10296.0,0.0,0.0,0.5
london,Cowley,Cowley,subdivision,5,0.8,0.2,291.1,0.0,0.25,35.77,saturated,0.23779,1,1,1,3,4,2,0.5,256.2,398.75,47740.0,0.2,0.0,0.6
london,Cranford,Cranford,subdivision,2,1.0,0.0,108.95,0.1555,0.5,45.07,emerging,0.51219,1,1,1,1,2,1,0.5,86.825,131.075,16820.0,0.0,0.0,0.5
london,Crayford,Crayford,subdivision,1,0.0,0.0,67.4,0.2,,0.0,low_impact,0.33994,0,0,0,1,0,0,,67.4,67.4,6662.0,0.0,0.0,1.0
london,Cricklewood,Cricklewood,subdivision,16,0.8125,0.375,103.2,0.0944,0.1538,37.51,saturated,0.31966,2,2,2,10,13,8,0.6154,84.65,165.05,178006.0,0.5,0.0,0.625
london,Crofton,Crofton,subdivision,2,0.5,0.0,64.6,0.0,0.0,15.07,low_impact,0.26079,0,0,1,1,1,0,0.0,63.0,66.2,4299.0,0.0,0.0,0.5
london,Crouch End,Crouch End,subdivision,11,0.8182,0.1818,206.6,0.184,0.3333,38.86,saturated,0.27269,3,3,5,5,9,3,0.3333,137.1,320.75,207046.0,0.1818,0.0,0.4545
london,Crystal Palace,Crystal Palace,subdivision,17,0.5294,0.1176,60.4,0.0583,0.1111,22.66,saturated,0.28743,1,1,1,8,9,3,0.3333,0.0,107.525,26558.0,0.1765,0.0,0.4706
london,Custom House,Custom House,subdivision,2,0.5,0.0,169.75,0.1165,1.0,45.07,emerging,0.45013,1,1,1,2,1,0,0.0,121.075,218.425,43170.0,0.5,0.0,1.0
london,Cyprus,Cyprus,subdivision,4,0.75,0.0,191.5,0.489,0.3333,32.7,emerging,0.59028,1,1,1,1,3,2,0.6667,191.5,191.5,46524.0,0.0,0.0,0.25
london,Dagenham,Dagenham,subdivision,10,0.5,0.0,138.65,0.0678,0.2,21.61,saturated,0.28811,1,1,1,9,5,1,0.2,48.0,231.15,56985.0,0.3,0.0,0.9
london,Dalston,Dalston,subdivision,35,0.7429,0.0286,180.95,0.1333,0.1154,28.63,saturated,0.14421,3,5,8,18,26,14,0.5385,106.6,300.35,444023.0,0.2571,0.0,0.5143
london,Dartmouth Park,Dartmouth Park,subdivision,6,0.8333,0.0,409.3,0.2555,0.2,31.34,saturated,0.42966,1,1,1,2,5,4,0.8,325.95,492.65,97839.0,0.0,0.0,0.3333
london,Deptford,Deptford,subdivision,26,0.7308,0.0769,139.8,0.1139,0.2105,31.48,saturated,0.08998,4,6,6,21,19,6,0.3158,79.65,204.45,253847.0,0.2692,0.0,0.8077
london,Dollis Hill,Dollis Hill,subdivision,44,0.5227,0.1591,103.25,0.0552,0.2174,28.31,saturated,0.29062,5,7,9,31,23,9,0.3913,77.2,152.65,244593.0,0.5,0.0,0.7045
london,Downham,Downham,subdivision,7,0.5714,0.0,97.95,0.0482,0.0,17.55,low_impact,0.31541,0,0,0,3,4,1,0.25,48.875,130.0,9878.0,0.0,0.0,0.4286
london,Dulwich,Dulwich,subdivision,2,0.5,0.0,161.4,0.0,0.0,15.07,low_impact,0.26079,0,0,0,1,1,0,0.0,139.25,183.55,4131.0,0.0,0.0,0.5
london,Dulwich Village,Dulwich Village,subdivision,12,0.6667,0.0833,180.8,0.0933,0.125,26.17,saturated,0.15134,1,1,1,8,8,2,0.25,94.35,283.375,73914.0,0.25,0.0,0.6667
london,Earl's Court,Earl's Court,subdivision,168,0.8631,0.3571,245.15,0.105,0.1586,49.15,saturated,0.59892,23,35,43,102,145,74,0.5103,159.1,382.575,2257045.0,0.6071,0.2292,0.6071
london,Earlsfield,Earlsfield,subdivision,22,0.5909,0.1364,145.0,0.1321,0.3077,31.11,saturated,0.28942,4,4,5,16,13,3,0.2308,97.9,423.325,347327.0,0.1364,0.0714,0.7273
london,East Dulwich,East Dulwich,subdivision,24,0.6667,0.0,173.5,0.1516,0.125,25.32,saturated,0.24046,2,2,3,15,16,6,0.375,115.2,244.4,163830.0,0.1667,0.0,0.625
london,East Greenwich,East Greenwich,subdivision,35,0.7143,0.0857,180.25,0.0268,0.08,27.86,saturated,0.19649,2,6,7,22,25,14,0.56,90.95,258.425,235925.0,0.2,0.0,0.6286
london,East Ham,East Ham,subdivision,6,0.0,0.0,74.1,0.111,,0.34,low_impact,0.29608,0,0,0,4,0,0,,63.7,82.075,32312.0,0.0,0.0,0.6667
london,East Marylebone,East Marylebone,subdivision,20,1.0,0.2,506.4,0.1489,0.35,45.79,saturated,0.41923,7,7,13,15,20,6,0.3,374.4,791.05,1334277.0,0.6,0.2222,0.75
london,East Sheen,East Sheen,subdivision,13,0.6923,0.0,123.0,0.2016,0.2222,28.25,saturated,0.27253,2,3,3,6,9,6,0.6667,53.5,158.65,113109.0,0.1538,0.0,0.4615
london,East Wickham,East Wickham,subdivision,1,1.0,0.0,170.9,0.522,1.0,60.0,emerging,0.73371,1,1,1,1,1,0,0.0,170.9,170.9,49083.0,0.0,0.0,1.0
london,Eastcote,Eastcote,subdivision,3,0.3333,0.0,59.9,0.0,0.0,10.14,low_impact,0.14049,0,0,0,0,1,1,1.0,59.9,59.9,0.0,0.0,,0.0
london,Eastcote Village,Eastcote Village,subdivision,1,0.0,0.0,,,,0.0,low_impact,0.30038,0,0,0,0,0,0,,,,0.0,0.0,,0.0
london,Eden Park,Eden Park,subdivision,1,1.0,0.0,222.4,0.0,0.0,30.0,saturated,0.76044,0,0,0,1,1,0,0.0,222.4,222.4,0.0,1.0,1.0,1.0
london,Edmonton,Edmonton,subdivision,7,0.4286,0.0,93.0,0.2407,1.0,43.27,emerging,0.49325,3,3,3,5,3,0,0.0,77.4,119.4,83301.0,0.0,0.0,0.7143
london,Elder Farm,Elder Farm,subdivision,1,0.0,0.0,,,,0.0,low_impact,0.30038,0,0,0,0,0,0,,,,0.0,0.0,,0.0
london,Elephant and Castle,Elephant and Castle,subdivision,92,0.6522,0.0978,174.4,0.202,0.3167,37.21,saturated,0.29657,19,22,25,63,60,21,0.35,104.775,302.65,1940766.0,0.3587,0.0196,0.6848
london,Elm Park,Elm Park,subdivision,7,0.2857,0.0,152.3,0.0422,0.0,8.98,low_impact,0.20402,0,0,0,5,2,0,0.0,96.3,156.2,21787.0,0.2857,0.0,0.7143
london,Elmers End,Elmers End,subdivision,3,1.0,0.0,143.35,0.1225,0.6667,50.14,emerging,0.49589,2,2,2,2,3,1,0.3333,134.675,152.025,44208.0,0.0,0.0,0.6667
london,Elmstead,Elmstead,subdivision,3,0.3333,0.0,123.2,0.178,0.0,10.14,low_impact,0.29679,0,0,0,2,1,0,0.0,88.9,157.5,7185.0,0.3333,0.0,0.6667
london,Enfield Island Village,Enfield Island Village,subdivision,2,0.5,0.0,150.4,0.0,0.0,15.07,low_impact,0.26079,0,0,0,1,1,1,1.0,150.4,150.4,0.0,0.0,,0.5
london,Enfield Lock,Enfield Lock,subdivision,3,0.6667,0.0,206.7,0.0665,0.0,20.14,low_impact,0.40675,0,0,1,2,2,0,0.0,184.85,228.55,8152.0,0.0,0.0,0.6667
london,Enfield Wash,Enfield Wash,subdivision,2,0.0,0.0,,,,0.07,low_impact,0.3002,0,0,0,0,0,0,,,,0.0,0.0,,0.0
london,Fairlop,Fairlop,subdivision,2,0.5,0.0,36.4,0.011,0.0,15.07,low_impact,0.25684,0,0,0,1,1,1,1.0,36.4,36.4,71.0,0.0,0.0,0.5
london,Falconwood,Falconwood,subdivision,1,1.0,0.0,265.7,0.022,0.0,30.0,saturated,0.49368,0,0,1,1,1,0,0.0,265.7,265.7,12705.0,0.0,0.0,1.0
london,Fallow Corner,Fallow Corner,subdivision,3,0.6667,0.0,322.0,0.0333,0.0,20.14,saturated,0.42287,0,0,2,3,2,0,0.0,176.2,447.95,40241.0,0.6667,0.0,1.0
london,Feltham,Feltham,subdivision,10,0.4,0.0,190.4,0.0472,0.0,12.61,low_impact,0.25206,0,0,1,4,4,2,0.5,129.05,244.075,18056.0,0.3,0.0,0.4
london,Finchley,Finchley,subdivision,14,0.7143,0.3571,110.5,0.0202,0.1,32.46,saturated,0.28188,1,1,2,10,10,2,0.2,73.8,185.45,52963.0,0.3571,0.0,0.7143
london,Finsbury,Finsbury,subdivision,29,0.7241,0.1379,160.3,0.1128,0.0952,29.24,saturated,0.10516,2,5,5,16,21,11,0.5238,130.8,232.6,250810.0,0.3793,0.0833,0.5517
london,Finsbury Park,Finsbury Park,subdivision,39,0.5385,0.0,148.7,0.1179,0.3333,28.74,saturated,0.3681,7,9,11,30,21,7,0.3333,96.1,204.0,387869.0,0.1026,0.0909,0.7692
london,Fitzrovia,Fitzrovia,subdivision,104,0.7692,0.1923,224.8,0.1797,0.225,40.68,saturated,0.39017,18,24,26,62,80,41,0.5125,135.8,308.4,1944908.0,0.6058,0.05,0.5962
london,Forest Gate,Forest Gate,subdivision,11,0.4545,0.0,94.85,0.0,0.2,20.32,low_impact,0.27203,1,1,1,7,5,3,0.6,49.55,147.1,52395.0,0.0,0.0,0.6364
london,Forest Hill,Forest Hill,subdivision,15,0.7333,0.0,117.8,0.1248,0.2727,31.13,saturated,0.37364,3,4,4,11,11,3,0.2727,75.8,135.6,144655.0,0.0,0.0,0.7333
london,Forestdale,Forestdale,subdivision,2,0.5,0.0,170.8,0.0,0.0,15.07,low_impact,0.26079,0,0,0,1,1,1,1.0,170.8,170.8,2379.0,0.0,,0.5
london,Friern Barnet,Friern Barnet,subdivision,10,0.4,0.0,82.1,0.0,0.0,12.61,low_impact,0.18003,0,0,0,4,4,2,0.5,30.75,140.3,9991.0,0.0,0.0,0.4
london,Fulham,Fulham,subdivision,139,0.8129,0.2158,235.65,0.0822,0.1947,43.93,saturated,0.40006,22,33,43,81,113,54,0.4779,148.775,364.7,1810970.0,0.4532,0.1404,0.5827
london,Furzedown,Furzedown,subdivision,50,0.44,0.06,118.3,0.0997,0.0909,20.46,low_impact,0.27336,2,3,5,29,22,10,0.4545,63.0,233.8,294290.0,0.22,0.1429,0.58
london,Gants Hill,Gants Hill,subdivision,12,0.3333,0.0,99.65,0.1346,0.75,33.25,emerging,0.38554,3,3,3,6,4,0,0.0,52.375,167.425,151245.0,0.5,0.0,0.5
london,Gascoigne Estate,Gascoigne Estate,subdivision,1,1.0,0.0,187.5,0.0,0.0,30.0,saturated,0.49983,0,0,0,1,1,0,0.0,187.5,187.5,3883.0,0.0,0.0,1.0
london,Gidea Park,Gidea Park,subdivision,8,0.5,0.0,197.9,0.0666,0.5,30.48,emerging,0.26286,2,2,4,7,4,0,0.0,65.55,219.85,115432.0,0.25,0.0,0.875
london,Glyndon,Glyndon,subdivision,1,0.0,0.0,,,,0.0,low_impact,0.30038,0,0,0,0,0,0,,,,0.0,0.0,,0.0
london,Goddington,Goddington,subdivision,5,0.8,0.6,289.25,0.0,0.25,43.77,saturated,0.57878,1,2,3,4,4,0,0.0,262.15,297.125,35513.0,0.6,0.0,0.8
london,Golders Green,Golders Green,subdivision,34,0.6765,0.0882,184.95,0.0595,0.3043,33.43,saturated,0.18416,7,9,10,26,23,4,0.1739,85.4,335.125,278780.0,0.4412,0.2,0.7647
london,Gospel Oak,Gospel Oak,subdivision,26,0.8077,0.1538,218.7,0.1012,0.2857,37.58,saturated,0.15506,6,6,8,12,21,8,0.381,102.65,346.3,495139.0,0.4231,0.0,0.4615
london,Gould's Green,Gould's Green,subdivision,2,0.5,0.0,94.9,0.1665,0.0,15.07,low_impact,0.28263,0,1,1,2,1,0,0.0,81.8,108.0,14017.0,0.0,0.0,1.0
london,Grand Union Village,Grand Union Village,subdivision,1,0.0,0.0,49.6,0.0,,0.0,low_impact,0.30038,0,0,0,1,0,0,,49.6,49.6,2094.0,0.0,,1.0
london,Green Street Green,Green Street Green,subdivision,1,1.0,0.0,437.4,0.222,1.0,60.0,emerging,0.60146,1,1,1,1,1,0,0.0,437.4,437.4,45691.0,0.0,0.0,1.0
london,Greenford,Greenford,subdivision,9,0.5556,0.1111,75.45,0.1041,0.2,25.43,saturated,0.30631,1,1,3,7,5,2,0.4,71.8,104.55,53348.0,0.1111,0.0,0.7778
london,Greenland Place,Greenland Place,subdivision,1,1.0,0.0,177.0,0.0,1.0,60.0,emerging,0.65003,1,1,1,1,1,0,0.0,177.0,177.0,21984.0,0.0,0.0,1.0
london,Greenwich Peninsula,Greenwich Peninsula,subdivision,15,0.8667,0.0667,203.95,0.1088,0.2308,35.21,saturated,0.2004,3,4,5,10,13,5,0.3846,192.625,262.725,204549.0,0.4667,0.2,0.6667
london,Greenwich Town Centre,Greenwich Town Centre,subdivision,13,0.6923,0.0,151.9,0.024,0.0,21.59,saturated,0.35958,0,1,1,6,9,6,0.6667,124.125,247.475,31649.0,0.0769,0.0,0.4615
london,Grove Park,Grove Park,subdivision,10,0.8,0.0,301.8,0.1014,0.25,32.11,saturated,0.28707,2,3,3,7,8,1,0.125,261.775,374.3,141335.0,0.1,0.0,0.7
london,Hackbridge,Hackbridge,subdivision,5,0.8,0.0,158.9,0.189,0.25,31.77,saturated,0.39616,1,1,1,2,4,1,0.25,79.45,161.15,43531.0,0.0,0.0,0.4
london,Hackney,Hackney,subdivision,72,0.6528,0.0833,169.6,0.0908,0.234,33.1,saturated,0.18967,11,16,18,45,47,14,0.2979,81.8,276.3,728428.0,0.2639,0.1053,0.625
london,Hackney Wick,Hackney Wick,subdivision,15,0.6,0.2,156.9,0.2137,0.1111,26.29,saturated,0.25512,1,2,2,9,9,5,0.5556,95.6,181.9,119312.0,0.2667,0.0,0.6
london,Haggerston,Haggerston,subdivision,53,0.6604,0.0566,186.9,0.052,0.2286,31.34,saturated,0.22072,8,9,10,22,35,17,0.4857,72.55,278.25,457902.0,0.1698,0.0476,0.4151
london,Hale End,Hale End,subdivision,3,0.3333,0.0,62.2,0.1073,0.0,10.14,low_impact,0.26299,0,0,0,2,1,0,0.0,61.8,104.35,5191.0,0.3333,0.0,0.6667
london,Ham,Ham,subdivision,1,1.0,0.0,399.0,0.122,1.0,60.0,emerging,0.60744,1,1,1,1,1,0,0.0,399.0,399.0,62515.0,0.0,0.0,1.0
london,Hammersmith,Hammersmith,subdivision,59,0.8475,0.0508,230.1,0.1013,0.22,36.99,saturated,0.15664,11,13,16,35,50,21,0.42,150.9,309.1,759533.0,0.3559,0.04,0.5932
london,Hampstead Garden Suburb,Hampstead Garden Suburb,subdivision,4,0.25,0.0,134.0,0.0443,1.0,37.7,emerging,0.61147,1,1,1,3,1,0,0.0,127.5,183.7,54783.0,0.0,0.0,0.75
london,Hampton,Hampton,subdivision,7,1.0,0.1429,252.25,0.0722,0.1429,37.55,saturated,0.28864,1,1,3,4,7,2,0.2857,230.6,274.275,66293.0,0.4286,0.0,0.5714
london,Hampton Hill,Hampton Hill,subdivision,4,0.25,0.0,88.0,0.148,0.0,7.7,low_impact,0.14984,0,0,0,2,1,0,0.0,78.85,121.3,37044.0,0.0,0.0,0.5
london,Hampton Wick,Hampton Wick,subdivision,6,0.5,0.0,113.8,0.2297,0.3333,25.34,emerging,0.35342,1,1,1,3,3,2,0.6667,95.15,334.85,124114.0,0.3333,0.0,0.5
london,Hanwell,Hanwell,subdivision,34,0.5,0.1176,133.5,0.1756,0.3529,30.18,saturated,0.32027,6,8,8,24,17,6,0.3529,78.8,204.65,472474.0,0.2941,0.0952,0.7059
london,Hanworth,Hanworth,subdivision,3,0.3333,0.3333,172.3,0.122,1.0,46.8,emerging,0.52512,1,1,1,2,1,0,0.0,116.8,227.8,30133.0,0.3333,0.0,0.6667
london,Harlesden,Harlesden,subdivision,48,0.5625,0.0417,117.45,0.1417,0.2222,27.57,saturated,0.218,6,7,9,36,27,9,0.3333,60.95,218.875,550920.0,0.3333,0.0,0.75
london,Harmondsworth,Harmondsworth,subdivision,5,0.8,0.0,195.7,0.0028,0.0,24.27,saturated,0.53637,0,0,0,2,4,1,0.25,173.275,267.025,2826.0,0.8,0.0,0.4
london,Harold Hill,Harold Hill,subdivision,2,0.5,0.0,293.95,0.011,0.0,15.07,low_impact,0.25684,0,0,0,2,1,0,0.0,180.975,406.925,14609.0,0.0,0.5,1.0
london,Harold Wood,Harold Wood,subdivision,2,0.5,0.0,148.65,0.0,0.0,15.07,low_impact,0.26079,0,0,0,1,1,0,0.0,105.675,191.625,1878.0,0.0,0.0,0.5
london,Harringay,Harringay,subdivision,38,0.6053,0.0526,101.9,0.1996,0.1739,26.95,saturated,0.27232,4,4,5,26,23,8,0.3478,63.875,148.6,331114.0,0.1579,0.0526,0.6842
london,Harrow Weald,Harrow Weald,subdivision,4,0.5,0.0,61.5,0.0,0.0,15.2,low_impact,0.26051,0,0,0,2,2,1,0.5,60.35,122.55,416.0,0.0,0.0,0.5
london,Harrow on the Hill,Harrow on the Hill,subdivision,1,0.0,0.0,59.3,0.0,,0.0,low_impact,0.30038,0,0,0,1,0,0,,59.3,59.3,624.0,0.0,0.0,1.0
london,Havelock Estate,Havelock Estate,subdivision,2,0.5,0.0,66.6,0.0,0.0,15.07,low_impact,0.26079,0,0,0,1,1,1,1.0,33.3,99.9,0.0,0.0,,0.5
london,Hayes,Hayes,subdivision,17,0.1765,0.1176,97.1,0.0777,0.3333,18.73,low_impact,0.35965,1,1,1,11,3,0,0.0,84.15,132.7,81175.0,0.2353,0.0,0.6471
london,Hendon,Hendon,subdivision,14,0.7857,0.0,167.7,0.0,0.0,24.46,saturated,0.2859,0,0,1,8,11,3,0.2727,146.3,275.2,55483.0,0.2143,0.0,0.5714
london,Hendon Central,Hendon Central,subdivision,20,0.7,0.0,110.25,0.0223,0.2143,28.72,saturated,0.35495,3,3,4,14,14,8,0.5714,83.525,144.775,66970.0,0.65,0.1667,0.7
london,Herne Hill,Herne Hill,subdivision,19,0.6842,0.0526,152.1,0.1162,0.1538,27.42,saturated,0.30289,2,2,4,11,13,7,0.5385,84.1,262.1,142082.0,0.0526,0.0,0.5789
london,Heston,Heston,subdivision,9,0.4444,0.1111,81.2,0.1244,0.0,16.1,low_impact,0.32632,0,0,0,3,4,4,1.0,48.3,120.2,29075.0,0.3333,0.25,0.3333
london,High Barnet,High Barnet,subdivision,3,1.0,0.0,185.35,0.2945,0.3333,40.14,saturated,0.53753,1,1,1,2,3,1,0.3333,155.675,215.025,51558.0,0.0,0.0,0.6667
london,Higham Hill,Higham Hill,subdivision,15,0.8,0.0667,103.2,0.0666,0.0833,28.79,saturated,0.19569,1,4,4,10,12,3,0.25,59.3,171.3,115771.0,0.2,0.0,0.6667
london,Highams Park,Highams Park,subdivision,16,0.4375,0.0625,86.1,0.1589,0.1429,19.68,low_impact,0.2585,1,2,2,10,7,3,0.4286,74.2,137.7,212402.0,0.1875,0.0,0.625
london,Highbury,Highbury,subdivision,66,0.7121,0.0909,190.6,0.1179,0.2128,33.99,saturated,0.1688,10,14,15,36,47,16,0.3404,113.2,327.95,824304.0,0.2273,0.0571,0.5455
london,Highgate,Highgate,subdivision,11,0.9091,0.0909,121.9,0.0084,0.2,35.77,saturated,0.32403,2,2,2,5,10,6,0.6,0.0,288.625,87862.0,0.0909,0.0,0.4545
london,Hillingdon,Hillingdon,subdivision,13,0.4615,0.1538,124.0,0.047,0.0,17.74,low_impact,0.32381,0,2,2,8,6,1,0.1667,61.2,208.7,46559.0,0.3077,0.25,0.6154
london,Hither Green,Hither Green,subdivision,33,0.6061,0.1515,120.6,0.0303,0.0,23.39,saturated,0.26251,0,4,4,17,20,3,0.15,56.775,197.875,97496.0,0.4242,0.0,0.5152
london,Holborn,Holborn,subdivision,74,0.8649,0.2432,299.95,0.0662,0.1719,40.93,saturated,0.3151,11,16,20,45,64,29,0.4531,183.725,438.625,1081855.0,0.5541,0.1667,0.6081
london,Holloway,Holloway,subdivision,59,0.661,0.0508,159.05,0.1417,0.3333,34.79,saturated,0.21563,13,16,20,40,39,11,0.2821,108.625,222.175,742815.0,0.322,0.1667,0.678
london,Homerton,Homerton,subdivision,57,0.7193,0.0351,180.8,0.0802,0.0976,29.02,saturated,0.16461,4,8,15,31,41,14,0.3415,80.1,303.3,481071.0,0.2632,0.0,0.5439
london,Honor Oak,Honor Oak,subdivision,13,0.4615,0.0,109.35,0.14,0.3333,24.66,saturated,0.37581,2,3,4,10,6,2,0.3333,61.425,164.125,104781.0,0.4615,0.0,0.7692
london,Hook,Hook,subdivision,2,0.5,0.0,98.0,0.039,0.0,15.07,low_impact,0.25015,0,0,0,2,1,1,1.0,78.4,117.6,5669.0,0.0,0.0,1.0
london,Horn Park,Horn Park,subdivision,2,1.0,0.0,204.25,0.0055,0.0,30.07,saturated,0.40207,0,0,0,1,2,0,0.0,197.425,211.075,5394.0,0.5,0.0,0.5
london,Hornchurch,Hornchurch,subdivision,2,1.0,0.0,190.8,0.0,0.0,30.07,saturated,0.49912,0,0,0,0,2,1,0.5,190.8,190.8,0.0,0.0,,0.0
london,Hornsey,Hornsey,subdivision,20,0.6,0.05,155.3,0.1538,0.1667,25.29,saturated,0.18388,2,4,4,9,12,5,0.4167,92.4,189.4,172091.0,0.35,0.0,0.45
london,Hounslow West,Hounslow West,subdivision,2,0.5,0.0,126.85,0.0165,1.0,45.07,emerging,0.52154,1,1,1,2,1,0,0.0,87.025,166.675,23684.0,0.0,0.0,1.0
london,Hoxton,Hoxton,subdivision,61,0.7705,0.0984,180.3,0.1205,0.2128,35.55,saturated,0.11385,10,13,15,32,47,23,0.4894,82.6,274.45,657532.0,0.3115,0.0833,0.5246
london,Imperial Wharf,Imperial Wharf,subdivision,4,0.75,0.0,279.2,0.1373,0.0,22.7,saturated,0.25737,0,0,0,3,3,1,0.3333,187.5,456.05,27518.0,0.25,0.0,0.75
london,Isle of Dogs,Isle of Dogs,subdivision,72,0.5833,0.0417,183.8,0.0671,0.1429,27.45,saturated,0.23272,6,11,13,37,42,18,0.4286,92.5,266.6,574855.0,0.3056,0.0333,0.5139
london,Islington,Islington,subdivision,76,0.8158,0.0789,181.9,0.1291,0.2742,39.38,saturated,0.22616,17,21,22,52,62,25,0.4032,111.9,315.025,1174714.0,0.2237,0.119,0.6842
london,Kenley,Kenley,subdivision,4,0.0,0.0,80.05,0.028,,0.2,low_impact,0.29252,0,0,0,1,0,0,,65.875,94.225,6115.0,0.0,0.0,0.25
london,Kennington,Kennington,subdivision,16,0.5,0.3125,149.3,0.2349,0.5,37.27,emerging,0.34113,4,4,5,12,8,1,0.125,128.225,335.725,475277.0,0.4375,0.1818,0.75
london,Kensal Town,Kensal Town,subdivision,40,0.825,0.25,167.1,0.1778,0.2727,40.58,saturated,0.26683,9,9,10,25,33,13,0.3939,122.075,314.225,756479.0,0.5,0.1111,0.625
london,Kensington,Kensington,subdivision,74,0.8378,0.2162,273.7,0.1652,0.3387,44.58,saturated,0.32031,21,22,28,47,62,22,0.3548,191.6,385.425,1686256.0,0.5135,0.0938,0.6351
london,Kentish Town,Kentish Town,subdivision,65,0.6769,0.1385,225.5,0.148,0.3409,37.66,saturated,0.21811,15,19,21,45,44,15,0.3409,151.25,280.625,1223971.0,0.3385,0.0667,0.6923
london,Kenton,Kenton,subdivision,8,0.25,0.0,82.7,0.0022,0.0,7.98,low_impact,0.42159,0,0,0,5,2,1,0.5,73.0,164.7,4896.0,0.5,0.0,0.625
london,Kew,Kew,subdivision,7,0.2857,0.0,145.6,0.0518,0.5,23.98,emerging,0.43148,1,1,1,6,2,0,0.0,91.75,189.325,97617.0,0.1429,0.0,0.8571
london,Kidbrooke,Kidbrooke,subdivision,11,0.6364,0.0,152.7,0.0604,0.2857,28.34,saturated,0.21837,2,3,4,6,7,2,0.2857,123.8,266.6,97887.0,0.2727,0.0,0.5455
london,Kilburn,Kilburn,subdivision,35,0.7714,0.2,158.3,0.0156,0.037,30.56,saturated,0.2081,1,1,3,20,27,16,0.5926,111.275,251.35,63976.0,0.4,0.0,0.5714
london,King's Cross,King's Cross,subdivision,85,0.5176,0.2706,184.3,0.1693,0.2045,32.79,saturated,0.43337,9,15,19,60,44,18,0.4091,111.9,258.45,1132891.0,0.6,0.2093,0.7059
london,Kingston Vale,Kingston Vale,subdivision,3,1.0,0.3333,0.0,0.0,0.0,36.8,saturated,0.41151,0,0,0,0,3,3,1.0,0.0,0.0,0.0,0.3333,,0.0
london,Knightsbridge,Knightsbridge,subdivision,20,0.95,0.1,730.6,0.1393,0.2105,38.11,saturated,0.24582,4,6,8,12,19,7,0.3684,541.4,974.5,998587.0,0.45,0.1818,0.6
london,Ladywell,Ladywell,subdivision,20,0.75,0.15,150.5,0.1176,0.2667,34.79,saturated,0.11055,4,6,8,15,15,3,0.2,93.5,238.3,345914.0,0.3,0.0833,0.75
london,Lambeth,Lambeth,subdivision,20,0.5,0.15,282.3,0.2999,0.4,31.29,emerging,0.38431,4,4,4,14,10,3,0.3,113.725,377.1,343506.0,0.5,0.1,0.7
london,Lessness Heath,Lessness Heath,subdivision,1,1.0,0.0,155.6,0.0,0.0,30.0,saturated,0.76044,0,0,0,0,1,0,0.0,155.6,155.6,0.0,1.0,0.0,0.0
london,Leyton,Leyton,subdivision,62,0.5968,0.0161,127.75,0.0884,0.2703,30.48,saturated,0.25024,10,12,13,43,37,9,0.2432,64.025,186.9,471838.0,0.2258,0.0,0.6935
london,Leytonstone,Leytonstone,subdivision,46,0.6522,0.0652,139.2,0.1436,0.3,32.93,saturated,0.24021,9,10,11,25,30,13,0.4333,84.1,200.3,406562.0,0.1739,0.0,0.5435
london,Lilestone Estate,Lilestone Estate,subdivision,7,0.8571,0.1429,340.05,0.4352,0.6667,48.98,emerging,0.59414,4,4,4,6,6,1,0.1667,239.1,402.15,375368.0,0.7143,0.2,0.8571
london,Limehouse,Limehouse,subdivision,45,0.4889,0.0667,149.05,0.1315,0.2273,25.81,saturated,0.2771,5,7,8,28,22,10,0.4545,96.175,227.075,429503.0,0.3778,0.0588,0.6222
london,Lisson Green Estate,Lisson Green Estate,subdivision,2,0.5,0.0,144.0,0.011,0.0,15.07,low_impact,0.25684,0,0,0,1,1,1,1.0,144.0,144.0,1006.0,0.0,1.0,0.5
london,Little Heath,Little Heath,subdivision,2,1.0,0.0,139.0,0.0,0.0,30.07,saturated,0.49912,0,0,0,1,2,1,0.5,139.0,139.0,0.0,0.0,,0.5
london,Little Ilford,Little Ilford,subdivision,3,1.0,0.0,109.7,0.0,0.0,30.14,saturated,0.49843,0,0,0,1,3,2,0.6667,109.7,109.7,571.0,0.0,0.0,0.3333
london,London Borough of Barking and Dagenham,London Borough of Barking and Dagenham,neighborhood,15,0.6667,0.0667,172.6,0.0714,0.2,28.29,saturated,0.13555,2,3,4,11,10,3,0.3,115.975,246.35,96070.0,0.2667,0.0,0.7333
london,London Borough of Barnet,London Borough of Barnet,neighborhood,7,0.7143,0.1429,96.0,0.0,0.0,24.7,saturated,0.30739,0,1,1,4,5,2,0.4,82.4,229.2,25795.0,0.1429,0.0,0.5714
london,London Borough of Bexley,London Borough of Bexley,neighborhood,8,0.625,0.0,98.5,0.0556,0.4,31.23,emerging,0.42211,2,2,2,6,5,1,0.2,68.7,167.0,65623.0,0.0,0.0,0.75
london,London Borough of Brent,London Borough of Brent,neighborhood,59,0.5085,0.2712,152.55,0.108,0.1667,29.63,saturated,0.30749,5,7,11,40,30,16,0.5333,84.575,213.45,468703.0,0.4068,0.1154,0.678
london,London Borough of Bromley,London Borough of Bromley,neighborhood,4,0.25,0.0,82.1,0.0418,0.0,7.7,low_impact,0.10388,0,0,0,4,1,0,0.0,62.9,120.475,10109.0,0.0,0.0,1.0
london,London Borough of Camden,London Borough of Camden,neighborhood,9,0.7778,0.0,344.85,0.2945,0.4286,36.74,emerging,0.32239,3,3,5,7,7,1,0.1429,195.175,497.225,197878.0,0.3333,0.0,0.7778
london,London Borough of Croydon,London Borough of Croydon,neighborhood,16,0.25,0.0,87.95,0.125,0.75,31.02,emerging,0.44743,3,3,3,12,4,1,0.25,68.7,101.825,104633.0,0.0625,0.0,0.75
london,London Borough of Ealing,London Borough of Ealing,neighborhood,117,0.6068,0.0256,132.8,0.1424,0.2394,33.79,saturated,0.35628,17,20,24,72,71,25,0.3521,87.975,196.4,939411.0,0.2393,0.0,0.6154
london,London Borough of Enfield,London Borough of Enfield,neighborhood,8,0.875,0.25,206.2,0.1461,0.1429,36.01,saturated,0.22044,1,1,3,7,7,2,0.2857,108.2,218.9,52533.0,0.375,0.0,0.875
london,London Borough of Hackney,London Borough of Hackney,neighborhood,4,0.75,0.0,199.25,0.1082,0.3333,32.7,saturated,0.27012,1,1,2,2,3,0,0.0,161.425,223.825,70452.0,0.5,0.3333,0.5
london,London Borough of Hammersmith and Fulham,London Borough of Hammersmith and Fulham,neighborhood,11,0.6364,0.0,148.25,0.0427,0.1429,24.06,saturated,0.22609,1,2,3,6,7,4,0.5714,96.625,185.7,53840.0,0.4545,0.0,0.5455
london,London Borough of Haringey,London Borough of Haringey,neighborhood,11,0.9091,0.0909,145.4,0.2297,0.3,38.77,saturated,0.28305,3,3,3,6,10,4,0.4,116.35,175.125,108115.0,0.2727,0.0,0.5455
london,London Borough of Harrow,London Borough of Harrow,neighborhood,7,0.5714,0.0,242.3,0.1092,0.25,25.05,saturated,0.30635,1,1,2,6,4,1,0.25,114.725,476.675,122552.0,0.1429,0.25,0.8571
london,London Borough of Havering,London Borough of Havering,neighborhood,3,0.3333,0.0,48.8,0.1963,0.0,10.14,low_impact,0.20832,0,0,0,2,1,0,0.0,24.4,54.3,13376.0,0.0,0.0,0.6667
london,London Borough of Hillingdon,London Borough of Hillingdon,neighborhood,21,0.4762,0.0,106.6,0.083,0.1,18.65,low_impact,0.22163,1,2,3,14,10,4,0.4,60.35,133.2,105071.0,0.0952,0.0,0.6667
london,London Borough of Hounslow,London Borough of Hounslow,neighborhood,64,0.7188,0.1406,128.75,0.0465,0.1304,32.57,saturated,0.14167,6,8,11,35,46,24,0.5217,97.025,241.375,422173.0,0.3594,0.1111,0.5469
london,London Borough of Islington,London Borough of Islington,neighborhood,1,1.0,0.0,213.5,0.0,0.0,30.0,saturated,0.76044,0,0,0,1,1,0,0.0,213.5,213.5,0.0,1.0,,1.0
london,London Borough of Lambeth,London Borough of Lambeth,neighborhood,15,0.5333,0.1333,145.95,0.2352,0.5,34.62,emerging,0.22105,4,4,5,12,8,2,0.25,98.0,199.025,218691.0,0.4,0.0,0.8
london,London Borough of Lewisham,London Borough of Lewisham,neighborhood,10,0.7,0.1,145.2,0.1063,0.1429,27.9,saturated,0.25606,1,1,1,7,7,2,0.2857,112.5,196.85,51413.0,0.1,0.0,0.7
london,London Borough of Merton,London Borough of Merton,neighborhood,5,0.6,0.0,184.9,0.0055,0.0,18.27,low_impact,0.34977,0,0,0,3,3,2,0.6667,137.575,237.775,1635.0,0.0,0.0,0.6
london,London Borough of Newham,London Borough of Newham,neighborhood,3,0.6667,0.0,138.95,0.0,0.0,20.14,low_impact,0.41436,0,0,0,2,2,1,0.5,117.325,160.575,0.0,0.0,,0.6667
london,London Borough of Redbridge,London Borough of Redbridge,neighborhood,12,0.5,0.0833,130.4,0.1333,0.0,17.41,low_impact,0.30451,0,0,0,6,6,6,1.0,109.725,170.125,35987.0,0.25,0.3333,0.5
london,London Borough of Richmond upon Thames,London Borough of Richmond upon Thames,neighborhood,18,0.6667,0.0556,169.0,0.0747,0.0,22.27,saturated,0.27361,0,2,5,8,12,4,0.3333,116.15,491.6,188874.0,0.1667,0.0,0.4444
london,London Borough of Southwark,London Borough of Southwark,neighborhood,8,0.625,0.25,70.8,0.1319,0.2,30.23,saturated,0.20907,1,2,2,6,5,2,0.4,67.55,209.95,54586.0,0.375,0.0,0.75
london,London Borough of Sutton,London Borough of Sutton,neighborhood,6,0.6667,0.1667,115.2,0.2593,1.0,53.68,emerging,0.541,4,4,4,5,4,0,0.0,113.775,117.45,84565.0,0.6667,0.0,0.8333
london,London Borough of Tower Hamlets,London Borough of Tower Hamlets,neighborhood,3,1.0,0.0,128.9,0.1,0.6667,50.14,emerging,0.50205,2,2,2,2,3,1,0.3333,64.45,172.1,40681.0,0.0,0.0,0.6667
london,London Borough of Waltham Forest,London Borough of Waltham Forest,neighborhood,20,0.4,0.0,89.6,0.07,0.25,20.79,low_impact,0.25534,2,2,3,6,8,3,0.375,14.3,144.8,110058.0,0.05,0.0,0.3
london,London Borough of Wandsworth,London Borough of Wandsworth,neighborhood,36,0.9444,0.0833,288.7,0.0179,0.2059,38.56,saturated,0.22722,7,7,7,18,34,16,0.4706,179.95,435.0,354939.0,0.3056,0.0625,0.5
london,Longlands,Longlands,subdivision,3,0.3333,0.0,80.8,0.0,0.0,10.14,low_impact,0.14049,0,0,0,1,1,1,1.0,80.8,80.8,394.0,0.0,,0.3333
london,Loughborough Junction,Loughborough Junction,subdivision,30,0.6,0.0667,99.7,0.1084,0.1111,24.64,saturated,0.19967,2,2,3,16,18,8,0.4444,47.0,200.9,175666.0,0.2333,0.0,0.5333
london,Lower Belvedere,Lower Belvedere,subdivision,5,0.4,0.0,132.1,0.0,0.0,12.27,low_impact,0.17959,0,0,0,3,2,0,0.0,103.65,161.3,1972.0,0.0,0.0,0.6
london,Lower Edmonton,Lower Edmonton,subdivision,2,1.0,0.5,212.7,0.056,0.0,40.07,saturated,0.83604,0,1,1,1,2,1,0.5,212.7,212.7,17157.0,1.0,0.0,0.5
london,Lower Morden,Lower Morden,subdivision,1,0.0,0.0,71.5,0.1,,0.0,low_impact,0.29389,0,0,0,1,0,0,,71.5,71.5,4714.0,0.0,0.0,1.0
london,Loxford,Loxford,subdivision,1,0.0,0.0,21.1,0.0,,0.0,low_impact,0.30038,0,0,0,1,0,0,,21.1,21.1,0.0,0.0,,1.0
london,Lydford Estate,Lydford Estate,subdivision,1,1.0,0.0,139.2,0.044,1.0,60.0,emerging,0.91813,1,1,1,1,1,0,0.0,139.2,139.2,21360.0,1.0,0.0,1.0
london,Maida Hill,Maida Hill,subdivision,6,0.8333,0.1667,226.5,0.1244,0.4,40.67,saturated,0.25894,2,2,2,5,5,2,0.4,172.0,319.6,141450.0,0.3333,0.25,0.8333
london,Maida Vale,Maida Vale,subdivision,16,0.6875,0.0,199.2,0.0325,0.1818,27.1,saturated,0.18424,2,2,3,11,11,3,0.2727,69.825,268.075,102577.0,0.25,0.1667,0.6875
london,Malden Rushett,Malden Rushett,subdivision,1,1.0,0.0,127.8,0.5,1.0,60.0,emerging,0.71783,1,1,1,1,1,0,0.0,127.8,127.8,29578.0,0.0,0.0,1.0
london,Manor House,Manor House,subdivision,1,1.0,0.0,124.5,0.0,0.0,30.0,saturated,0.49983,0,0,1,1,1,0,0.0,124.5,124.5,7976.0,0.0,,1.0
london,Manor Park,Manor Park,subdivision,8,0.25,0.0,62.2,0.1907,0.0,7.98,low_impact,0.44654,0,0,0,4,2,0,0.0,61.825,125.95,30355.0,0.5,0.0,0.5
london,Mapesbury,Mapesbury,subdivision,2,0.5,0.0,162.95,0.3055,1.0,45.07,emerging,0.46186,1,1,1,2,1,0,0.0,111.675,214.225,45997.0,0.5,0.0,1.0
london,Marine Wharf,Marine Wharf,subdivision,4,0.75,0.0,181.5,0.0,0.3333,32.7,saturated,0.41643,1,1,1,3,3,1,0.3333,155.95,184.3,27705.0,0.0,0.0,0.75
london,Marks Gate,Marks Gate,subdivision,2,0.0,0.0,96.3,0.0,,0.07,low_impact,0.3002,0,0,0,0,0,0,,96.3,96.3,0.0,0.0,0.0,0.0
london,Maryland,Maryland,subdivision,26,0.3462,0.0385,96.55,0.1262,0.1111,16.19,low_impact,0.3671,1,1,1,19,9,4,0.4444,72.25,201.45,212251.0,0.4231,0.0,0.7308
london,Marylebone,Marylebone,neighborhood,178,0.8596,0.191,273.45,0.1118,0.2288,48.51,saturated,0.59365,35,38,48,111,153,69,0.451,160.025,510.875,2895923.0,0.6292,0.1639,0.6236
london,Mayfair,Mayfair,neighborhood,33,0.9394,0.303,662.8,0.1026,0.3226,46.1,saturated,0.49515,10,11,11,22,31,13,0.4194,419.5,877.0,1640774.0,0.7273,0.3333,0.6667
london,Meridian Estate,Meridian Estate,subdivision,1,0.0,0.0,66.4,0.0,,0.0,low_impact,0.30038,0,0,0,1,0,0,,66.4,66.4,1069.0,0.0,,1.0
london,Merton,Merton,subdivision,29,0.6207,0.0345,208.3,0.0573,0.2222,27.88,saturated,0.20804,4,4,6,18,18,7,0.3889,119.25,287.8,227923.0,0.2069,0.0,0.6207
london,Merton Park,Merton Park,subdivision,14,0.5714,0.0,171.9,0.0444,0.0,18.03,saturated,0.31666,0,2,3,12,8,2,0.25,96.9,273.8,107370.0,0.2143,0.2222,0.8571
london,Middle Park,Middle Park,subdivision,3,0.0,0.0,50.15,0.2555,,0.14,low_impact,0.38187,0,0,0,1,0,0,,47.325,52.975,7952.0,0.0,0.0,0.3333
london,Mile End,Mile End,subdivision,35,0.6857,0.2,169.05,0.196,0.2917,35.63,saturated,0.20542,7,9,11,17,24,12,0.5,98.65,303.325,419695.0,0.2857,0.0667,0.4857
london,Mill Hill,Mill Hill,subdivision,10,0.5,0.1,80.9,0.0624,0.2,23.61,low_impact,0.29159,1,1,2,7,5,2,0.4,65.625,162.75,43301.0,0.1,0.0,0.7
london,Millbank,Millbank,neighborhood,11,0.8182,0.2727,271.8,0.0286,0.1111,34.01,saturated,0.2191,1,1,1,6,9,3,0.3333,232.8,366.6,43316.0,0.3636,0.0,0.5455
london,Millbank Estate,Millbank Estate,subdivision,5,1.0,0.0,233.8,0.0,0.0,30.27,saturated,0.37214,0,1,1,2,5,3,0.6,194.6,258.1,13723.0,0.4,0.0,0.4
london,Millennium Quay,Millennium Quay,subdivision,2,0.5,0.0,0.0,0.0,0.0,15.07,low_impact,0.26079,0,0,0,0,1,0,0.0,0.0,0.0,0.0,0.0,0.0,0.0
london,Mitcham,Mitcham,subdivision,11,0.6364,0.0,96.6,0.0855,0.1429,24.06,saturated,0.30431,1,1,3,8,7,1,0.1429,90.7,139.25,40253.0,0.0909,0.2,0.7273
london,Monks Park,Monks Park,subdivision,1,1.0,0.0,139.9,0.0,0.0,30.0,saturated,0.49983,0,0,0,1,1,0,0.0,139.9,139.9,0.0,0.0,,1.0
london,Morden,Morden,subdivision,6,0.3333,0.0,134.65,0.0778,1.0,40.34,emerging,0.55294,2,2,2,4,2,0,0.0,48.775,218.525,68659.0,0.0,0.0,0.6667
london,Mortlake,Mortlake,subdivision,10,0.8,0.0,198.2,0.0983,0.25,32.11,saturated,0.37352,2,2,3,6,8,2,0.25,145.3,286.5,139276.0,0.0,0.0,0.6
london,Motspur Park,Motspur Park,subdivision,2,0.0,0.0,32.85,0.1,,0.07,low_impact,0.29371,0,0,0,1,0,0,,16.425,49.275,9739.0,0.0,0.0,0.5
london,Mottingham,Mottingham,subdivision,1,1.0,0.0,276.7,0.167,0.0,30.0,saturated,0.75621,0,0,1,1,1,0,0.0,276.7,276.7,12391.0,1.0,0.0,1.0
london,Mozart Estate,Mozart Estate,subdivision,1,0.0,0.0,,,,0.0,low_impact,0.30038,0,0,0,0,0,0,,,,0.0,0.0,,0.0
london,Muswell Hill,Muswell Hill,subdivision,19,0.6842,0.0526,135.25,0.1737,0.2308,29.73,saturated,0.2752,3,4,4,13,13,6,0.4615,86.575,185.2,158840.0,0.1053,0.0,0.6842
london,New Barnet,New Barnet,subdivision,4,1.0,0.25,46.6,0.0,0.0,35.2,saturated,0.38313,0,0,0,1,4,4,1.0,23.3,69.9,0.0,0.25,,0.25
london,New Beckenham,New Beckenham,subdivision,7,0.5714,0.0,101.95,0.124,0.25,25.05,low_impact,0.38577,1,2,2,5,4,0,0.0,45.375,172.625,46079.0,0.0,0.0,0.7143
london,New Capital Quay,New Capital Quay,subdivision,3,0.3333,0.0,87.1,0.0,0.0,10.14,low_impact,0.5887,0,1,1,3,1,0,0.0,86.85,144.7,25704.0,0.6667,0.0,1.0
london,New Cross,New Cross,subdivision,26,0.5769,0.0385,96.05,0.0994,0.2,25.78,saturated,0.32051,3,3,3,14,15,8,0.5333,55.25,180.8,126147.0,0.0769,0.0,0.5385
london,New Cross Gate,New Cross Gate,subdivision,28,0.6429,0.1429,128.6,0.0915,0.1111,27.31,saturated,0.13884,2,2,4,20,18,5,0.2778,83.3,192.4,214277.0,0.2857,0.0,0.7143
london,New Malden,New Malden,subdivision,5,0.4,0.0,77.1,0.0335,0.0,12.27,saturated,0.5016,0,0,0,4,2,1,0.5,72.95,128.85,9336.0,0.6,0.0,0.8
london,New Southgate,New Southgate,subdivision,6,0.1667,0.0,64.6,0.2244,0.0,5.34,low_impact,0.25389,0,0,0,5,1,1,1.0,58.5,159.5,26398.0,0.0,0.0,0.8333
london,Newbury Park,Newbury Park,subdivision,6,0.3333,0.0,105.7,0.0,0.0,10.34,low_impact,0.13415,0,0,0,2,2,1,0.5,93.55,112.2,959.0,0.1667,0.0,0.3333
london,Nine Elms,Nine Elms,subdivision,23,0.6957,0.1304,187.6,0.0071,0.0625,26.85,saturated,0.19107,1,1,1,13,16,11,0.6875,130.9,401.2,74715.0,0.2609,0.2,0.5652
london,Norbiton,Norbiton,subdivision,23,0.6522,0.0435,150.25,0.0604,0.1333,25.93,saturated,0.21402,2,4,5,13,15,8,0.5333,96.125,209.425,194929.0,0.1739,0.0909,0.5652
london,Norbury,Norbury,subdivision,6,0.5,0.0,152.1,0.0,0.0,15.34,low_impact,0.26041,0,1,1,4,3,1,0.3333,90.925,235.5,7257.0,0.0,0.0,0.6667
london,North Cricklewood,North Cricklewood,subdivision,24,0.625,0.1667,107.25,0.0617,0.1333,27.65,saturated,0.15473,2,2,3,13,15,8,0.5333,66.775,188.0,106226.0,0.375,0.0,0.5417
london,North End,North End,subdivision,6,0.6667,0.0,205.6,0.011,0.0,20.34,low_impact,0.41175,0,0,1,3,4,2,0.5,151.45,222.65,6064.0,0.0,0.0,0.5
london,North Finchley,North Finchley,subdivision,10,0.6,0.1,151.4,0.0857,0.0,20.61,saturated,0.29635,0,2,4,5,6,2,0.3333,90.7,184.45,59116.0,0.5,0.0,0.5
london,North Greenford,North Greenford,subdivision,2,0.5,0.0,48.3,0.778,0.0,15.07,saturated,0.95686,0,0,0,1,1,1,1.0,48.3,48.3,13982.0,0.5,0.0,0.5
london,North Kensington,North Kensington,subdivision,104,0.7885,0.1635,200.4,0.1291,0.3171,43.44,saturated,0.2928,26,27,33,63,82,32,0.3902,125.35,290.35,2043307.0,0.2885,0.0769,0.6058
london,North Sheen,North Sheen,subdivision,22,0.9091,0.1364,185.15,0.0722,0.15,35.93,saturated,0.18783,3,5,7,13,20,6,0.3,126.275,258.325,188516.0,0.4091,0.1667,0.5909
london,North Tokyngton,North Tokyngton,subdivision,1,0.0,0.0,113.2,0.089,,0.0,low_impact,0.29185,0,0,0,1,0,0,,113.2,113.2,9154.0,0.0,0.0,1.0
london,North Woolwich,North Woolwich,subdivision,5,0.6,0.0,115.5,0.064,0.3333,28.27,saturated,0.42538,1,1,1,3,3,2,0.6667,69.45,161.25,42658.0,0.0,0.0,0.6
london,Northumberland Heath,Northumberland Heath,subdivision,13,0.2308,0.0,66.3,0.0444,0.3333,17.74,low_impact,0.42164,1,1,1,8,3,2,0.6667,50.2,77.9,32187.0,0.3846,0.0,0.6154
london,Northwood,Northwood,subdivision,6,0.6667,0.1667,153.6,0.031,0.25,31.18,saturated,0.23878,1,2,2,4,4,0,0.0,50.6,217.9,113779.0,0.1667,0.0,0.6667
london,Notting Hill,Notting Hill,subdivision,119,0.8908,0.3697,234.1,0.1605,0.1981,48.09,saturated,0.46902,21,32,36,72,106,39,0.3679,173.95,438.45,2678450.0,0.5378,0.1837,0.605
london,Nunhead,Nunhead,subdivision,19,0.5263,0.0,105.8,0.0481,0.2,23.01,low_impact,0.31318,2,2,2,12,10,4,0.4,57.65,210.3,178979.0,0.1579,0.0,0.6316
london,Old Kent Road,Old Kent Road,subdivision,48,0.7292,0.0833,193.9,0.0685,0.2857,35.31,saturated,0.15329,10,13,13,31,35,9,0.2571,131.15,276.8,491390.0,0.25,0.0833,0.6458
london,Old Malden,Old Malden,subdivision,2,0.5,0.0,118.45,0.0,0.0,15.07,low_impact,0.26079,0,0,1,1,1,0,0.0,85.525,151.375,7777.0,0.0,0.0,0.5
london,Osterley,Osterley,subdivision,6,0.5,0.0,90.4,0.1195,0.3333,25.34,low_impact,0.39044,1,1,1,4,3,2,0.6667,49.875,144.475,56507.0,0.0,0.0,0.6667
london,Oval,Oval,subdivision,44,0.5455,0.0909,149.05,0.2216,0.25,28.61,saturated,0.28482,6,9,9,28,24,9,0.375,84.725,251.925,616605.0,0.25,0.0,0.6364
london,Paddington,Paddington,neighborhood,152,0.8421,0.2895,301.5,0.1669,0.3281,51.17,saturated,0.51805,42,51,58,106,128,54,0.4219,215.8,492.5,4428677.0,0.5197,0.1538,0.6974
london,Paddington Central,Paddington Central,subdivision,1,1.0,1.0,555.3,0.0,0.0,50.0,saturated,1.16015,0,0,0,1,1,1,1.0,555.3,555.3,4770.0,1.0,,1.0
london,Palmers Green,Palmers Green,subdivision,6,0.5,0.0,80.4,0.2044,0.0,15.34,low_impact,0.30853,0,0,2,5,3,0,0.0,76.8,186.5,45748.0,0.0,0.0,0.8333
london,Park Langley,Park Langley,subdivision,1,0.0,0.0,112.6,0.0,,0.0,low_impact,0.30038,0,0,0,1,0,0,,112.6,112.6,862.0,0.0,0.0,1.0
london,Park Royal,Park Royal,subdivision,29,0.6897,0.4138,117.8,0.0652,0.15,35.37,saturated,0.35691,3,3,7,23,20,8,0.4,88.7,214.1,295269.0,0.5172,0.1667,0.7931
london,Patmore Estate,Patmore Estate,subdivision,1,0.0,0.0,230.1,0.0,,0.0,low_impact,0.30038,0,0,0,1,0,0,,230.1,230.1,0.0,0.0,,1.0
london,Peckham,Peckham,subdivision,30,0.6333,0.0,120.4,0.0556,0.2105,27.29,saturated,0.31973,4,4,6,17,19,7,0.3684,80.65,172.925,153020.0,0.0667,0.0,0.5667
london,Penge,Penge,subdivision,10,0.8,0.0,155.55,0.0556,0.25,32.11,saturated,0.37693,2,2,4,6,8,1,0.125,37.2,199.925,75814.0,0.0,0.0,0.6
london,Perivale,Perivale,subdivision,12,0.4167,0.1667,80.15,0.1056,0.2,22.58,low_impact,0.31436,1,1,1,9,5,2,0.4,71.6,110.325,78852.0,0.25,0.1429,0.75
london,Perry Vale,Perry Vale,subdivision,16,0.4375,0.0,105.0,0.0714,0.0,14.15,low_impact,0.19555,0,0,0,6,7,6,0.8571,61.65,179.2,26122.0,0.0,0.0,0.375
london,Petersham,Petersham,subdivision,4,0.5,0.0,173.85,0.1417,0.5,30.2,emerging,0.21818,1,1,1,3,2,0,0.0,164.675,222.1,23554.0,0.25,0.3333,0.75
london,Petts Wood,Petts Wood,subdivision,2,0.5,0.0,79.1,0.489,0.0,15.07,low_impact,0.60284,0,0,0,1,1,1,1.0,79.1,79.1,19803.0,0.0,0.0,0.5
london,Pimlico,Pimlico,neighborhood,67,0.7164,0.0746,249.95,0.2507,0.3958,39.35,saturated,0.3219,19,20,20,42,48,20,0.4167,136.5,417.05,1563586.0,0.3731,0.1724,0.6269
london,Pinner,Pinner,subdivision,2,1.0,0.0,122.2,0.2,0.5,45.07,emerging,0.50987,1,1,1,1,2,1,0.5,122.2,122.2,16664.0,0.0,0.0,0.5
london,Plaistow,Plaistow,subdivision,19,0.4737,0.0,75.0,0.1323,0.2222,22.1,low_impact,0.31591,2,2,2,8,9,5,0.5556,49.75,143.8,106437.0,0.2105,0.0,0.4211
london,Plashet,Plashet,subdivision,5,0.4,0.0,123.9,0.0853,0.0,12.27,low_impact,0.17775,0,0,0,3,2,0,0.0,99.9,187.05,11746.0,0.2,0.0,0.6
london,Plumstead,Plumstead,subdivision,19,0.7895,0.1053,150.65,0.0111,0.0667,29.02,saturated,0.17329,1,2,4,16,15,5,0.3333,74.325,218.925,58255.0,0.3684,0.0,0.8421
london,Pollards Hill,Pollards Hill,subdivision,12,0.4167,0.0,138.9,0.0366,0.2,19.25,low_impact,0.23429,1,2,2,5,5,3,0.6,35.3,156.05,32381.0,0.1667,0.0,0.4167
london,Ponders End,Ponders End,subdivision,8,0.5,0.0,82.3,0.0167,0.5,30.48,emerging,0.32093,2,2,2,4,4,0,0.0,56.95,90.025,33637.0,0.375,0.0,0.5
london,Poplar,Poplar,subdivision,43,0.6279,0.0465,156.35,0.1142,0.4074,34.85,emerging,0.30561,11,12,14,28,27,7,0.2593,84.6,237.825,562767.0,0.1628,0.0,0.6512
london,Preston,Preston,subdivision,20,0.5,0.05,104.0,0.1703,0.4,29.29,emerging,0.27793,4,4,4,14,10,4,0.4,84.7,174.25,162320.0,0.3,0.0,0.7
london,Purley,Purley,subdivision,13,0.6923,0.0,142.75,0.1408,0.3333,31.58,saturated,0.22255,3,4,6,11,9,1,0.1111,134.5,208.0,120142.0,0.3846,0.0,0.8462
london,Putney,Putney,subdivision,45,0.7333,0.1556,205.75,0.0881,0.1515,32.65,saturated,0.07211,5,6,9,25,33,16,0.4848,106.9,314.325,529657.0,0.3111,0.0,0.5556
london,Queen's Park,Queen's Park,subdivision,64,0.6719,0.0781,171.7,0.1047,0.1628,30.89,saturated,0.14881,7,8,12,38,43,17,0.3953,90.25,277.85,616439.0,0.3906,0.1212,0.5938
london,Queensbury,Queensbury,subdivision,1,0.0,0.0,104.6,0.367,,0.0,low_impact,1.03029,0,0,0,1,0,0,,104.6,104.6,21662.0,1.0,1.0,1.0
london,Rainham,Rainham,subdivision,1,1.0,0.0,,,0.0,30.0,saturated,0.49983,0,0,0,0,1,1,1.0,,,0.0,0.0,,0.0
london,Ramsden,Ramsden,subdivision,1,0.0,0.0,,,,0.0,low_impact,0.30038,0,0,0,0,0,0,,,,0.0,0.0,,0.0
london,Rayners Lane,Rayners Lane,subdivision,16,0.6875,0.3125,117.4,0.1264,0.0909,30.62,saturated,0.23793,1,2,2,10,11,7,0.6364,99.05,169.25,107029.0,0.375,0.0,0.625
london,Raynes Park,Raynes Park,subdivision,17,0.7647,0.0,217.9,0.1408,0.2308,30.95,saturated,0.31481,3,4,7,11,13,5,0.3846,142.375,324.475,219297.0,0.0588,0.0,0.6471
london,Rectory Hartlands,Rectory Hartlands,subdivision,1,0.0,0.0,48.6,0.078,,0.0,low_impact,0.29049,0,0,0,1,0,0,,48.6,48.6,5028.0,0.0,0.0,1.0
london,Redbridge,Redbridge,subdivision,8,0.5,0.125,96.15,0.1194,0.5,32.98,emerging,0.63504,2,2,2,6,4,1,0.25,71.325,149.275,103775.0,0.875,0.0,0.75
london,Roding Riverside,Roding Riverside,subdivision,7,0.8571,0.1429,191.25,0.026,0.0,28.98,saturated,0.26451,0,0,1,4,6,2,0.3333,147.7,191.975,14232.0,0.4286,0.0,0.5714
london,Roehampton,Roehampton,subdivision,22,0.2727,0.0455,78.25,0.0571,0.0,10.52,low_impact,0.11812,0,0,0,12,6,5,0.8333,56.5,118.275,41994.0,0.1818,0.0,0.5455
london,Rosehill,Rosehill,subdivision,1,0.0,0.0,61.5,0.0,,0.0,low_impact,0.30038,0,0,0,1,0,0,,61.5,61.5,1219.0,0.0,0.0,1.0
london,Rotherhithe,Rotherhithe,subdivision,48,0.625,0.0625,161.8,0.1393,0.2333,30.2,saturated,0.19428,7,8,10,29,30,11,0.3667,62.1,247.6,540225.0,0.2292,0.0,0.6042
london,Roundshaw,Roundshaw,subdivision,2,0.5,0.0,119.2,0.0,0.0,15.07,low_impact,0.26079,0,0,0,1,1,0,0.0,119.2,119.2,0.0,0.0,,0.5
london,Royal Arsenal Riverside,Royal Arsenal Riverside,subdivision,9,1.0,0.0,151.5,0.0927,0.1111,33.88,saturated,0.44915,1,1,1,4,9,4,0.4444,124.575,227.775,43855.0,0.0,0.0,0.4444
london,Royal Borough of Greenwich,Royal Borough of Greenwich,neighborhood,17,0.6471,0.0588,49.95,0.0745,0.1818,27.13,saturated,0.16357,2,3,3,5,11,7,0.6364,0.0,111.65,96229.0,0.2353,0.0,0.2941
london,Royal Borough of Kensington and Chelsea,Royal Borough of Kensington and Chelsea,neighborhood,2,0.5,0.0,0.0,0.0,0.0,15.07,low_impact,0.26079,0,0,0,0,1,1,1.0,0.0,0.0,0.0,0.0,0.0,0.0
london,Royal Borough of Kingston upon Thames,Royal Borough of Kingston upon Thames,neighborhood,4,0.75,0.25,92.15,0.0,0.0,27.7,saturated,0.49687,0,0,1,4,3,0,0.0,76.1,112.975,17857.0,0.75,0.0,1.0
london,Rush Green,Rush Green,subdivision,6,0.8333,0.1667,155.55,0.0667,0.2,34.67,saturated,0.21615,1,2,2,6,5,0,0.0,150.35,171.325,51704.0,0.5,0.0,1.0
london,Saint Pancras,Saint Pancras,subdivision,5,0.8,0.6,454.7,0.0978,0.5,51.27,saturated,0.74983,2,3,4,5,4,0,0.0,265.7,463.0,177020.0,0.8,0.25,1.0
london,Sanderstead,Sanderstead,subdivision,3,0.0,0.0,42.35,0.0,,0.14,low_impact,0.30006,0,0,0,0,0,0,,21.175,63.525,0.0,0.0,0.0,0.0
london,Sands End,Sands End,subdivision,9,0.7778,0.2222,140.4,0.0,0.0,28.32,saturated,0.28195,0,0,1,2,7,6,0.8571,122.35,158.45,8263.0,0.2222,0.0,0.2222
london,Scotch Estate,Scotch Estate,subdivision,5,0.6,0.0,113.2,0.0832,0.0,18.27,low_impact,0.34335,0,0,1,4,3,1,0.3333,94.225,149.6,22552.0,0.0,0.0,0.8
london,Scrattons Farm,Scrattons Farm,subdivision,4,0.25,0.0,65.4,0.0332,0.0,7.7,low_impact,0.10713,0,0,0,4,1,0,0.0,55.125,85.45,23087.0,0.0,0.0,1.0
london,Selhurst,Selhurst,subdivision,18,0.6111,0.0,117.1,0.1929,0.1818,24.94,saturated,0.23118,2,2,3,10,11,4,0.3636,90.15,194.5,109490.0,0.2778,0.0,0.5556
london,Selsdon,Selsdon,subdivision,1,0.0,0.0,55.5,0.0,,0.0,low_impact,0.30038,0,0,0,0,0,0,,55.5,55.5,0.0,0.0,0.0,0.0
london,Seven Kings,Seven Kings,subdivision,13,0.3846,0.0,85.2,0.0432,0.0,12.35,low_impact,0.15286,0,0,0,6,5,2,0.4,45.3,182.6,26717.0,0.0,0.0,0.4615
london,Seven Sisters,Seven Sisters,subdivision,1,0.0,0.0,0.0,0.0,,0.0,low_impact,0.30038,0,0,0,0,0,0,,0.0,0.0,0.0,0.0,0.0,0.0
london,Shacklewell,Shacklewell,subdivision,53,0.717,0.0,170.75,0.0962,0.2895,33.73,saturated,0.29862,11,16,16,32,38,11,0.2895,105.725,233.325,627826.0,0.0943,0.0625,0.6038
london,Shadwell,Shadwell,subdivision,22,0.5455,0.1818,181.2,0.2144,0.3333,31.43,saturated,0.32643,4,5,6,17,12,5,0.4167,80.2,268.7,287574.0,0.4545,0.0,0.7727
london,Shepherd's Bush,Shepherd's Bush,subdivision,87,0.7701,0.1609,197.65,0.1346,0.2388,39.34,saturated,0.20861,16,24,29,54,67,28,0.4179,125.825,287.225,1284038.0,0.3103,0.2105,0.6207
london,Shepherd's Hill,Shepherd's Hill,subdivision,1,1.0,0.0,120.8,0.022,0.0,30.0,saturated,0.49368,0,1,1,1,1,0,0.0,120.8,120.8,8487.0,0.0,,1.0
london,Shirley,Shirley,subdivision,1,1.0,0.0,,,0.0,30.0,saturated,0.49983,0,0,0,0,1,1,1.0,,,0.0,0.0,,0.0
london,Shooters Hill,Shooters Hill,subdivision,7,0.2857,0.0,136.7,0.2557,0.0,8.98,low_impact,0.26831,0,0,0,3,2,1,0.5,98.25,311.85,160900.0,0.0,0.0,0.4286
london,Shoreditch,Shoreditch,subdivision,63,0.8571,0.2222,227.2,0.2168,0.4259,47.15,saturated,0.35615,23,26,29,43,54,16,0.2963,127.7,302.0,1394400.0,0.4286,0.0294,0.6825
london,Shortlands,Shortlands,subdivision,1,1.0,0.0,153.8,0.522,1.0,60.0,emerging,0.73371,1,1,1,1,1,0,0.0,153.8,153.8,39781.0,0.0,0.0,1.0
london,Silvertown,Silvertown,subdivision,37,0.6757,0.027,207.55,0.0382,0.12,26.86,saturated,0.15466,3,5,7,26,25,7,0.28,103.95,248.5,367089.0,0.2973,0.1538,0.7027
london,Slade Green,Slade Green,subdivision,1,0.0,0.0,51.3,0.0,,0.0,low_impact,0.30038,0,0,0,1,0,0,,51.3,51.3,0.0,0.0,0.0,1.0
london,Snaresbrook,Snaresbrook,subdivision,6,1.0,0.0,240.1,0.0556,0.3333,40.34,saturated,0.47319,2,2,2,4,6,2,0.3333,139.5,283.5,67415.0,0.0,0.0,0.6667
london,Somers Town,Somers Town,subdivision,35,0.6571,0.1143,177.65,0.2365,0.3478,34.75,saturated,0.31703,8,10,11,26,23,10,0.4348,97.35,397.825,858734.0,0.5143,0.0714,0.7429
london,South Hampstead,South Hampstead,subdivision,36,0.6944,0.2778,148.6,0.0797,0.24,35.97,saturated,0.21113,6,6,7,26,25,14,0.56,105.4,281.2,323391.0,0.4444,0.1111,0.7222
london,South Hornchurch,South Hornchurch,subdivision,2,0.5,0.0,171.7,0.0,0.0,15.07,low_impact,0.26079,0,0,0,1,1,0,0.0,132.85,210.55,3854.0,0.0,0.0,0.5
london,South Kensington,South Kensington,subdivision,87,0.8736,0.2874,409.9,0.1451,0.1974,43.73,saturated,0.39882,15,18,26,51,76,26,0.3421,263.3,565.4,2482083.0,0.6092,0.2826,0.5862
london,South Norwood,South Norwood,subdivision,13,0.4615,0.0,65.85,0.1482,0.1667,19.66,low_impact,0.27077,1,2,3,9,6,2,0.3333,43.275,105.35,124756.0,0.0,0.0,0.6923
london,South Stanmore,South Stanmore,subdivision,3,0.0,0.0,48.0,0.122,,0.14,low_impact,0.29961,0,0,0,1,0,0,,48.0,48.0,1275.0,0.0,0.0,0.3333
london,South Tottenham,South Tottenham,subdivision,1,1.0,0.0,109.1,0.0,0.0,30.0,saturated,0.49983,0,0,0,0,1,0,0.0,109.1,109.1,0.0,0.0,0.0,0.0
london,South Woodford,South Woodford,subdivision,4,0.25,0.0,47.5,0.0037,0.0,7.7,low_impact,0.12526,0,1,1,2,1,0,0.0,43.7,143.0,23808.0,0.0,0.0,0.5
london,Southall Green,Southall Green,subdivision,2,0.5,0.0,52.1,0.0,0.0,15.07,saturated,0.40011,0,0,0,1,1,1,1.0,52.1,52.1,0.0,0.5,0.0,0.5
london,Southbury,Southbury,subdivision,8,0.25,0.125,64.3,0.0524,0.0,10.48,low_impact,0.30957,0,0,0,4,2,1,0.5,28.45,74.25,21362.0,0.375,0.0,0.5
london,Southend,Southend,subdivision,7,0.1429,0.0,66.0,0.0921,0.0,4.7,low_impact,0.24298,0,0,0,6,1,0,0.0,54.3,95.5,27959.0,0.2857,0.0,0.8571
london,Southfields,Southfields,subdivision,42,0.4524,0.0476,99.55,0.0911,0.0526,18.89,low_impact,0.22351,1,2,5,28,19,6,0.3158,69.35,227.35,203881.0,0.0952,0.0,0.6667
london,Southgate,Southgate,subdivision,8,0.375,0.0,154.3,0.1417,0.3333,21.73,low_impact,0.36684,1,1,1,3,3,2,0.6667,79.45,254.3,49510.0,0.25,0.0,0.375
london,Spring Grove,Spring Grove,subdivision,20,0.55,0.1,98.1,0.0151,0.0,19.79,saturated,0.30298,0,0,2,13,11,8,0.7273,70.325,155.5,27360.0,0.25,0.1429,0.65
london,St Margarets,St Margarets,subdivision,16,0.8125,0.0,227.25,0.1246,0.2308,32.32,saturated,0.263,3,4,4,12,13,3,0.2308,98.65,301.625,357574.0,0.125,0.0,0.75
london,St Mary Cray,St Mary Cray,subdivision,1,1.0,0.0,,,0.0,30.0,saturated,0.49983,0,0,0,0,1,1,1.0,,,0.0,0.0,,0.0
london,St Pancras,St Pancras,subdivision,28,0.6786,0.1786,258.5,0.2223,0.4211,38.4,saturated,0.45846,8,9,9,19,19,6,0.3158,237.7,349.45,754019.0,0.6786,0.1429,0.6786
london,St Paul's Cray,St Paul's Cray,subdivision,3,0.6667,0.0,209.0,0.1593,0.5,35.14,emerging,0.33561,1,1,1,2,2,0,0.0,104.5,256.1,62260.0,0.0,0.0,0.6667
london,St Raphaels,St Raphaels,subdivision,1,0.0,0.0,128.8,0.0,,0.0,low_impact,0.30038,0,0,0,1,0,0,,128.8,128.8,0.0,0.0,,1.0
london,St. James's,St. James's,subdivision,21,0.8571,0.1905,352.85,0.2152,0.3333,40.88,saturated,0.31823,6,8,8,13,18,5,0.2778,175.15,565.225,1176086.0,0.5238,0.2308,0.619
london,St. John's Wood,St. John's Wood,neighborhood,42,0.8333,0.1429,277.4,0.1156,0.1714,35.79,saturated,0.15389,6,8,11,26,35,17,0.4857,189.65,457.35,453726.0,0.4524,0.125,0.619
london,Stamford Hill,Stamford Hill,subdivision,14,0.8571,0.1429,167.7,0.0568,0.25,36.96,saturated,0.16235,3,3,3,9,12,5,0.4167,139.6,202.0,107832.0,0.2857,0.2,0.6429
london,Stanmore,Stanmore,subdivision,7,0.5714,0.0,146.05,0.1415,0.0,17.55,saturated,0.30145,0,0,1,3,4,3,0.75,73.2,236.975,22697.0,0.2857,0.0,0.4286
london,Stepney,Stepney,subdivision,50,0.56,0.22,96.0,0.1008,0.1429,28.82,saturated,0.29115,4,6,7,27,28,16,0.5714,71.45,217.85,383158.0,0.52,0.0455,0.54
london,Stockwell,Stockwell,subdivision,59,0.7119,0.0678,192.2,0.1918,0.2857,35.23,saturated,0.21374,12,13,13,29,42,19,0.4524,87.6,341.35,825448.0,0.4237,0.1379,0.4915
london,Stoke Newington,Stoke Newington,subdivision,47,0.6809,0.0638,158.35,0.0677,0.1562,29.52,saturated,0.234,5,8,8,25,32,13,0.4062,90.15,221.95,260330.0,0.1277,0.0455,0.5319
london,Strand-on-the-Green,Strand-on-the-Green,subdivision,10,0.5,0.2,110.9,0.2956,0.0,19.61,saturated,0.41775,0,0,0,5,5,4,0.8,102.2,110.9,70789.0,0.3,0.0,0.5
london,Stratford,Stratford,subdivision,28,0.6071,0.0,225.4,0.0751,0.1765,25.34,saturated,0.18471,3,5,6,21,17,4,0.2353,112.3,303.0,197073.0,0.3214,0.0833,0.75
london,Stratford Marsh,Stratford Marsh,subdivision,23,0.6522,0.1739,82.3,0.0509,0.2667,32.54,saturated,0.16364,4,4,5,9,15,6,0.4,0.0,182.3,154280.0,0.3913,0.2222,0.3913
london,Strawberry Hill,Strawberry Hill,subdivision,10,0.8,0.1,196.0,0.0184,0.25,34.11,saturated,0.15659,2,4,5,7,8,3,0.375,88.3,263.7,127753.0,0.3,0.0,0.7
london,Streatham,Streatham,subdivision,28,0.6786,0.1429,137.2,0.0605,0.1053,28.21,saturated,0.14851,2,3,6,17,19,6,0.3158,84.525,196.425,124340.0,0.4286,0.0,0.6071
london,Streatham Hill,Streatham Hill,subdivision,49,0.551,0.0816,111.3,0.0768,0.1111,24.76,saturated,0.26724,3,4,6,32,27,6,0.2222,53.875,147.95,199356.0,0.1837,0.0435,0.6531
london,Stroud Green,Stroud Green,subdivision,13,0.6154,0.0,99.35,0.075,0.125,23.03,saturated,0.22367,1,1,1,6,8,5,0.625,87.775,119.9,71094.0,0.2308,0.1667,0.4615
london,Sudbury,Sudbury,subdivision,19,0.3158,0.1053,83.6,0.1684,0.1667,17.81,saturated,0.48302,1,1,3,10,6,1,0.1667,57.4,271.0,148696.0,0.5263,0.0,0.5263
london,Sudbury Hill,Sudbury Hill,subdivision,2,1.0,0.0,257.65,0.0555,0.0,30.07,saturated,0.48659,0,1,1,1,2,0,0.0,214.125,301.175,25245.0,0.0,0.0,0.5
london,Summerstown,Summerstown,subdivision,19,0.6842,0.0526,188.55,0.05,0.3077,32.03,saturated,0.18563,4,4,4,12,13,5,0.3846,117.675,253.3,182459.0,0.2632,0.0,0.6316
london,Sundridge,Sundridge,subdivision,3,0.3333,0.0,124.05,0.0,0.0,10.14,low_impact,0.14049,0,0,0,1,1,0,0.0,82.475,165.625,43.0,0.0,0.0,0.3333
london,Surbiton,Surbiton,subdivision,21,0.6667,0.0952,147.95,0.1146,0.2143,29.69,saturated,0.17642,3,5,7,14,14,4,0.2857,105.05,251.95,250409.0,0.1905,0.0,0.6667
london,Temple Fortune,Temple Fortune,subdivision,15,0.8667,0.2,227.9,0.1704,0.3846,42.49,saturated,0.48306,5,5,6,11,13,5,0.3846,153.35,352.675,426531.0,0.7333,0.1429,0.7333
london,Temple Mills,Temple Mills,subdivision,7,0.4286,0.2857,105.2,0.1349,0.3333,28.98,saturated,0.40673,1,1,2,7,3,1,0.3333,93.65,179.5,114360.0,0.2857,0.0,1.0
london,Thames View,Thames View,subdivision,7,0.7143,0.0,180.0,0.1112,0.2,27.84,saturated,0.15893,1,1,1,5,5,2,0.4,108.4,201.275,61062.0,0.2857,0.0,0.7143
london,Thamesmead,Thamesmead,subdivision,12,0.5,0.0,155.1,0.0425,0.1667,20.75,low_impact,0.26403,1,2,2,9,6,1,0.1667,89.5,183.15,57174.0,0.0833,0.0,0.75
london,The Borough,The Borough,subdivision,85,0.6353,0.2235,195.4,0.1942,0.2222,35.91,saturated,0.3033,12,14,21,48,54,27,0.5,114.8,348.25,1240364.0,0.4706,0.1875,0.5647
london,The Hale,The Hale,subdivision,4,0.75,0.0,112.15,0.0,0.0,22.7,saturated,0.31281,0,0,0,0,3,2,0.6667,56.075,168.225,0.0,0.5,0.0,0.0
london,The Wrythe,The Wrythe,subdivision,4,0.25,0.5,72.6,0.0667,0.0,17.7,low_impact,0.63553,0,0,0,3,1,0,0.0,58.15,118.95,7105.0,0.5,0.0,0.75
london,Thornton Heath,Thornton Heath,subdivision,18,0.2222,0.1111,54.1,0.077,0.0,10.04,low_impact,0.18058,0,0,0,10,4,2,0.5,47.1,94.2,21047.0,0.2222,0.0,0.5556
london,Tolworth,Tolworth,subdivision,2,0.0,0.0,44.4,0.0,,0.07,low_impact,0.3002,0,0,0,1,0,0,,44.4,44.4,0.0,0.0,0.0,0.5
london,Tottenham,Tottenham,subdivision,34,0.4706,0.1176,130.4,0.0809,0.1875,24.34,low_impact,0.29815,3,4,4,20,16,7,0.4375,70.9,232.0,235275.0,0.1765,0.0,0.5882
london,Tottenham Hale,Tottenham Hale,subdivision,4,1.0,0.75,274.05,0.0668,0.5,60.2,saturated,0.86558,2,2,2,4,4,1,0.25,239.225,309.625,70530.0,0.75,0.5,1.0
london,Totteridge,Totteridge,subdivision,1,0.0,0.0,66.9,0.0,,0.0,low_impact,0.30038,0,0,0,1,0,0,,66.9,66.9,0.0,0.0,,1.0
london,Tufnell Park,Tufnell Park,subdivision,14,0.6429,0.0714,160.45,0.1388,0.3333,31.6,saturated,0.21273,3,4,6,11,9,2,0.2222,120.325,265.375,409092.0,0.2857,0.0,0.7857
london,Tulse Hill,Tulse Hill,subdivision,16,0.625,0.0625,112.7,0.1174,0.3,30.02,saturated,0.28281,3,3,5,12,10,3,0.3,70.975,146.4,133874.0,0.125,0.0,0.75
london,Upminster,Upminster,subdivision,1,1.0,0.0,275.1,0.0,0.0,30.0,saturated,0.49983,0,0,0,1,1,1,1.0,275.1,275.1,0.0,0.0,,1.0
london,Upper Belvedere,Upper Belvedere,subdivision,2,0.0,0.0,58.15,0.011,,0.07,low_impact,0.29678,0,0,0,2,0,0,,55.525,60.775,306.0,0.0,0.0,1.0
london,Upper Norwood,Upper Norwood,subdivision,10,0.6,0.0,183.3,0.2936,0.6667,38.61,emerging,0.17216,4,4,5,6,6,1,0.1667,138.5,243.7,186601.0,0.2,0.0,0.6
london,Upper Sydenham,Upper Sydenham,subdivision,2,0.5,0.0,53.2,0.0,0.0,15.07,low_impact,0.26079,0,0,0,1,1,1,1.0,53.2,53.2,109.0,0.0,0.0,0.5
london,Upper Walthamstow,Upper Walthamstow,subdivision,4,0.25,0.0,91.4,0.0,0.0,7.7,low_impact,0.12815,0,0,0,3,1,1,1.0,81.1,101.7,1649.0,0.0,0.0,0.75
london,Upton,Upton,subdivision,6,0.5,0.0,52.6,0.1646,0.6667,35.34,emerging,0.18286,2,2,2,4,3,0,0.0,48.3,118.1,43859.0,0.1667,0.0,0.6667
london,Upton Park,Upton Park,subdivision,5,0.0,0.0,74.1,0.125,,0.27,low_impact,0.30047,0,0,0,3,0,0,,60.225,84.7,6424.0,0.0,0.0,0.6
london,Vauxhall,Vauxhall,subdivision,46,0.8043,0.1522,259.4,0.1406,0.2703,38.34,saturated,0.13461,10,14,17,32,37,12,0.3243,130.4,439.0,1101176.0,0.3478,0.1739,0.6957
london,Victoria,Victoria,neighborhood,25,0.76,0.28,336.9,0.0974,0.1579,34.77,saturated,0.28019,3,4,6,10,19,11,0.5789,139.0,535.5,379634.0,0.56,0.0,0.4
london,Waddon,Waddon,subdivision,13,0.3846,0.0,56.0,0.0444,0.2,18.35,low_impact,0.35765,1,1,1,8,5,1,0.2,54.9,155.5,42727.0,0.3846,0.0,0.6154
london,Wallington,Wallington,subdivision,1,0.0,0.0,51.0,0.256,,0.0,low_impact,0.38254,0,0,0,1,0,0,,51.0,51.0,2781.0,0.0,0.0,1.0
london,Walthamstow Village,Walthamstow Village,subdivision,6,0.8333,0.0,182.4,0.2732,0.8,49.34,emerging,0.40892,4,4,4,4,5,0,0.0,167.9,213.0,180135.0,0.0,0.0,0.6667
london,Walworth,Walworth,subdivision,58,0.5517,0.1379,144.45,0.151,0.2188,29.75,saturated,0.24204,7,9,11,40,32,11,0.3438,83.0,199.875,588822.0,0.2586,0.1379,0.6897
london,Wandsworth,Wandsworth,subdivision,50,0.76,0.08,227.65,0.1108,0.2632,35.63,saturated,0.1335,10,12,13,34,38,17,0.4474,110.9,300.225,580518.0,0.26,0.0952,0.68
london,Wanstead,Wanstead,subdivision,4,0.5,0.0,184.45,0.1082,0.5,30.2,emerging,0.36246,1,1,1,3,2,1,0.5,64.775,298.2,68208.0,0.0,0.0,0.75
london,Wapping,Wapping,subdivision,41,0.7561,0.122,183.1,0.0863,0.2258,34.62,saturated,0.1848,7,7,10,23,31,16,0.5161,128.85,264.425,399402.0,0.5122,0.0,0.561
london,Warwick Estate,Warwick Estate,subdivision,1,1.0,0.0,251.2,0.0,0.0,30.0,saturated,0.49983,0,0,0,1,1,0,0.0,251.2,251.2,277.0,0.0,,1.0
london,Waterloo,Waterloo,subdivision,30,0.7667,0.2667,242.5,0.2594,0.2609,38.13,saturated,0.27368,6,8,8,15,23,9,0.3913,149.4,400.0,642354.0,0.3667,0.1875,0.5
london,Wayfarer Estate,Wayfarer Estate,subdivision,1,0.0,0.0,,,,0.0,low_impact,0.30038,0,0,0,0,0,0,,,,0.0,0.0,,0.0
london,Wealdstone,Wealdstone,subdivision,12,0.5833,0.1667,117.4,0.0367,0.1429,25.87,saturated,0.2186,1,1,2,10,7,2,0.2857,60.175,184.4,40945.0,0.4167,0.0,0.8333
london,Well Hall,Well Hall,subdivision,7,0.2857,0.0,77.5,0.074,0.5,23.98,emerging,0.39822,1,1,1,4,2,1,0.5,58.225,109.825,22447.0,0.2857,0.0,0.5714
london,Welling,Welling,subdivision,1,0.0,0.0,,,,0.0,low_impact,0.30038,0,0,0,0,0,0,,,,0.0,0.0,,0.0
london,West Barnes,West Barnes,subdivision,5,0.6,0.0,124.75,0.1168,0.3333,28.27,saturated,0.29294,1,1,2,4,3,0,0.0,102.95,153.75,42372.0,0.2,0.0,0.8
london,West Drayton,West Drayton,subdivision,12,0.5,0.0,72.7,0.0522,0.1667,20.75,low_impact,0.27456,1,2,2,7,6,2,0.3333,55.5,100.75,45008.0,0.1667,0.0,0.5833
london,West Ealing,West Ealing,subdivision,4,0.75,0.25,196.4,0.0,0.3333,37.7,saturated,0.26915,1,1,1,2,3,1,0.3333,98.2,366.85,29774.0,0.25,0.0,0.5
london,West Finchley,West Finchley,subdivision,13,0.5385,0.1538,183.05,0.0542,0.1429,24.33,saturated,0.25386,1,2,3,8,7,2,0.2857,157.45,291.9,91860.0,0.2308,0.0,0.6154
london,West Green,West Green,subdivision,56,0.5357,0.0357,99.4,0.1198,0.3,29.53,saturated,0.29524,9,12,13,38,30,9,0.3,62.95,166.975,449989.0,0.2143,0.0357,0.6786
london,West Hackney,West Hackney,subdivision,27,0.8148,0.1111,170.9,0.0238,0.0909,31.16,saturated,0.26865,2,2,2,16,22,6,0.2727,102.9,225.0,76742.0,0.1111,0.0,0.5926
london,West Ham,West Ham,subdivision,20,0.25,0.15,73.2,0.1405,0.0,11.79,low_impact,0.31687,0,0,0,8,5,2,0.4,63.3,87.3,28834.0,0.35,0.0,0.4
london,West Hampstead,West Hampstead,subdivision,40,0.85,0.2,139.7,0.0498,0.1765,37.45,saturated,0.2208,6,6,6,19,34,17,0.5,115.2,238.4,194530.0,0.5,0.2,0.475
london,West Heath,West Heath,subdivision,4,0.5,0.0,86.7,0.3813,0.5,30.2,emerging,0.42106,1,1,1,2,2,0,0.0,75.15,155.0,40234.0,0.0,0.0,0.5
london,West Hendon,West Hendon,subdivision,5,0.4,0.0,195.1,0.0407,0.5,27.27,emerging,0.34474,1,1,1,3,2,1,0.5,121.65,284.45,28743.0,0.2,0.0,0.6
london,West Kensington,West Kensington,subdivision,127,0.7087,0.1102,187.25,0.1415,0.2667,40.04,saturated,0.34992,24,30,34,78,90,34,0.3778,120.125,288.775,1576029.0,0.4173,0.0469,0.6142
london,West Kilburn,West Kilburn,subdivision,41,0.8049,0.0976,207.7,0.1552,0.2727,37.0,saturated,0.22339,9,10,15,28,33,12,0.3636,170.975,287.975,810777.0,0.5122,0.0588,0.6829
london,West Norwood,West Norwood,subdivision,16,0.4375,0.0,66.95,0.0084,0.1429,18.43,low_impact,0.21225,1,1,1,5,7,4,0.5714,29.475,158.575,27125.0,0.0625,0.0,0.3125
london,West Smithfield,West Smithfield,subdivision,2,1.0,0.5,239.4,0.0,0.0,40.07,saturated,0.54514,0,0,0,1,2,1,0.5,239.4,239.4,0.0,0.5,0.0,0.5
london,West Tokyngton,West Tokyngton,subdivision,3,0.0,0.0,165.4,0.0445,,0.14,low_impact,0.36947,0,0,0,2,0,0,,129.45,201.35,10038.0,0.3333,0.0,0.6667
london,Westbourne Green,Westbourne Green,subdivision,210,0.8476,0.2619,250.2,0.1062,0.2303,51.79,saturated,0.67252,41,48,51,116,178,85,0.4775,172.65,340.275,2923993.0,0.5667,0.0972,0.5524
london,Westminster,Westminster,subdivision,22,0.7727,0.4091,469.6,0.195,0.4118,45.15,saturated,0.42895,7,8,9,20,17,5,0.2941,309.725,680.725,1024595.0,0.5,0.2222,0.9091
london,Whetstone,Whetstone,subdivision,7,0.2857,0.0,117.5,0.0463,0.5,23.98,emerging,0.4133,1,1,1,3,2,0,0.0,27.75,141.85,17827.0,0.2857,0.0,0.4286
london,Whitechapel,Whitechapel,subdivision,242,0.6116,0.157,184.0,0.1698,0.2973,46.8,saturated,0.75837,44,48,57,167,148,52,0.3514,107.075,267.35,3780120.0,0.4917,0.0776,0.6901
london,Whitton,Whitton,subdivision,7,0.7143,0.0,170.35,0.1742,0.4,33.84,emerging,0.39757,2,2,2,6,5,1,0.2,91.575,198.275,71887.0,0.0,0.0,0.8571
london,Widmore,Widmore,subdivision,4,0.75,0.0,145.75,0.1945,0.3333,32.7,saturated,0.41808,1,2,2,4,3,1,0.3333,102.075,173.925,47002.0,0.0,0.0,1.0
london,Wimbledon Grounds,Wimbledon Grounds,subdivision,1,1.0,0.0,,,0.0,30.0,saturated,0.49983,0,0,0,0,1,1,1.0,,,0.0,0.0,,0.0
london,Wimbledon Park,Wimbledon Park,subdivision,13,0.5385,0.0,233.0,0.1852,0.2857,25.54,low_impact,0.40732,2,3,3,8,7,3,0.4286,92.8,350.2,188048.0,0.0,0.0,0.6154
london,Wimbledon Village,Wimbledon Village,subdivision,2,0.5,0.0,219.5,0.0055,0.0,15.07,saturated,0.398,0,1,1,2,1,0,0.0,201.95,237.05,24651.0,0.5,0.0,1.0
london,Wood Street,Wood Street,subdivision,1,1.0,0.0,0.0,0.0,0.0,30.0,saturated,0.49983,0,0,0,0,1,0,0.0,0.0,0.0,0.0,0.0,0.0,0.0
london,Woodberry Down,Woodberry Down,subdivision,1,0.0,0.0,,,,0.0,low_impact,0.30038,0,0,0,0,0,0,,,,0.0,0.0,,0.0
london,Woodford,Woodford,subdivision,3,0.6667,0.0,,,0.0,20.14,low_impact,0.41436,0,0,0,0,2,2,1.0,,,0.0,0.0,,0.0
london,Woodford Green,Woodford Green,subdivision,1,0.0,0.0,72.3,0.044,,0.0,low_impact,0.29062,0,0,0,1,0,0,,72.3,72.3,1362.0,0.0,0.0,1.0
london,Woodford Wells,Woodford Wells,subdivision,2,0.0,0.0,106.7,0.0,,0.07,low_impact,0.3002,0,0,0,1,0,0,,106.7,106.7,675.0,0.0,0.0,0.5
london,Woodside,Woodside,subdivision,7,0.2857,0.0,69.6,0.0206,0.0,8.98,low_impact,0.11216,0,0,2,5,2,0,0.0,54.0,104.45,37499.0,0.0,0.0,0.7143
london,Woodside Park,Woodside Park,subdivision,7,0.5714,0.0,81.6,0.3096,0.75,40.05,emerging,0.25259,3,3,3,5,4,0,0.0,36.9,260.75,279017.0,0.4286,0.0,0.7143
london,Worcester Park,Worcester Park,subdivision,4,0.5,0.0,127.25,0.0,0.5,30.2,emerging,0.42585,1,1,1,2,2,1,0.5,86.775,167.725,22358.0,0.0,0.0,0.5
london,Worton,Worton,subdivision,21,0.5714,0.0,116.3,0.12,0.25,26.0,saturated,0.33056,3,4,5,10,12,5,0.4167,65.05,151.75,131659.0,0.0952,0.0,0.4762
london,Yeading,Yeading,subdivision,2,0.5,0.0,63.1,0.0,0.0,15.07,low_impact,0.26079,0,0,0,1,1,1,1.0,63.1,63.1,2042.0,0.0,0.0,0.5
london,Yiewsley,Yiewsley,subdivision,7,0.7143,0.1429,87.85,0.0927,0.2,30.7,saturated,0.10982,1,1,1,5,5,0,0.0,75.775,120.4,28316.0,0.2857,0.0,0.7143
