city,geo_key,geo_level,str_density,active_listings,entire_home_count,median_nightly_price,p25_price,p75_price,avg_occupancy,total_revenue,breach_count_90,breach_count_60,breach_count_30,reside_unregistered_count,multi_listing_host_count,commercial_host_share,entire_home_share,multi_listing_host_share,active_share,breach_rate_90,breach_rate_60,breach_rate_30,reside_unregistered_share,professional_management_share
barcelona,Can Baró,subdivision,7,6,4,81.6,72.25,153.75,0.1951,154039.0,2,3,4,0,3,0.1429,0.5714,0.4286,0.8571,0.5,0.75,1.0,0.0,0.1667
barcelona,Diagonal Mar i el Front Marítim del Poblenou,subdivision,19,10,13,215.7,171.9,323.9,0.105,332844.0,4,5,5,6,8,0.1053,0.6842,0.4211,0.5263,0.3077,0.3846,0.3846,0.4615,0.125
barcelona,Gothic Quarter,subdivision,160,90,71,115.3,72.45,205.15,0.1091,1767334.0,18,23,26,31,75,0.2125,0.4438,0.4688,0.5625,0.2535,0.3239,0.3662,0.4366,0.1061
barcelona,Horta,subdivision,1,0,0,0.0,0.0,0.0,0.0,0.0,0,0,0,0,0,0.0,0.0,0.0,0.0,,,,,0.0
barcelona,Hostafrancs,subdivision,32,16,14,93.1,57.9,183.05,0.1913,353171.0,4,5,5,7,15,0.2812,0.4375,0.4688,0.5,0.2857,0.3571,0.3571,0.5,0.0
barcelona,Montbau,subdivision,2,0,1,,,,,0.0,0,0,0,1,0,0.0,0.5,0.0,0.0,0.0,0.0,0.0,1.0,
barcelona,Navas,subdivision,7,4,4,138.4,56.35,246.675,0.2195,118746.0,2,2,3,1,3,0.1429,0.5714,0.4286,0.5714,0.5,0.5,0.75,0.25,0.25
barcelona,Pedralbes,subdivision,3,2,2,182.45,158.475,206.425,0.1055,36927.0,0,0,1,1,2,0.0,0.6667,0.6667,0.6667,0.0,0.0,0.5,0.5,0.0
barcelona,Porta,subdivision,2,1,0,43.4,43.4,43.4,0.089,8601.0,0,0,0,0,0,0.0,0.0,0.0,0.5,,,,,0.0
barcelona,Provençals del Poblenou,subdivision,15,8,10,141.25,93.5,201.55,0.1255,139717.0,4,5,5,3,5,0.1333,0.6667,0.3333,0.5333,0.4,0.5,0.5,0.3,0.0
barcelona,Sant Andreu de Palomar,subdivision,9,2,5,43.6,28.1,68.175,0.0797,41036.0,1,1,1,3,5,0.4444,0.5556,0.5556,0.2222,0.2,0.2,0.2,0.6,0.0
barcelona,Sant Antoni,subdivision,79,54,51,219.95,120.9,319.1,0.2171,2477340.0,26,28,29,13,47,0.3291,0.6456,0.5949,0.6835,0.5098,0.549,0.5686,0.2549,0.3488
barcelona,Sant Gervasi - Galvany,subdivision,44,35,32,182.6,134.1,243.1,0.1678,1062248.0,15,17,21,5,29,0.3182,0.7273,0.6591,0.7955,0.4688,0.5312,0.6562,0.1562,0.25
barcelona,Sant Gervasi - la Bonanova,subdivision,9,5,6,195.95,79.05,271.45,0.0959,161221.0,3,3,3,2,4,0.3333,0.6667,0.4444,0.5556,0.5,0.5,0.5,0.3333,0.0
barcelona,Sant Martí de Provençals,subdivision,10,4,2,48.6,46.6,50.2,0.0,6668.0,0,0,0,1,3,0.1,0.2,0.3,0.4,0.0,0.0,0.0,0.5,0.0
barcelona,"Sant Pere, Santa Caterina i la Ribera",subdivision,163,94,100,119.85,67.625,196.875,0.1226,1606504.0,31,35,40,39,76,0.1779,0.6135,0.4663,0.5767,0.31,0.35,0.4,0.39,0.2
barcelona,Sants,subdivision,44,27,25,134.2,82.675,229.1,0.2063,872828.0,11,13,13,7,17,0.2045,0.5682,0.3864,0.6136,0.44,0.52,0.52,0.28,0.2609
barcelona,Sants-Badal,subdivision,34,18,16,60.4,48.05,170.7,0.1381,223170.0,6,6,7,5,10,0.0882,0.4706,0.2941,0.5294,0.375,0.375,0.4375,0.3125,0.2143
barcelona,Sarrià,subdivision,7,6,5,160.05,139.0,205.475,0.1167,74923.0,1,1,2,0,4,0.4286,0.7143,0.5714,0.8571,0.2,0.2,0.4,0.0,0.5
barcelona,Superilla Sant Antoni,subdivision,27,17,20,192.65,120.65,262.75,0.205,628058.0,9,10,10,5,14,0.3333,0.7407,0.5185,0.6296,0.45,0.5,0.5,0.25,0.2353
barcelona,Torre Baró,subdivision,3,0,0,212.4,212.4,212.4,0.0,0.0,0,0,0,0,2,0.0,0.0,0.6667,0.0,,,,,0.0
barcelona,Vallcarca i els Penitents,subdivision,15,8,8,95.2,73.9,116.4,0.1024,113342.0,3,4,5,1,5,0.0667,0.5333,0.3333,0.5333,0.375,0.5,0.625,0.125,0.0
barcelona,"Vallvidrera, el Tibidabo i les Planes",subdivision,4,3,1,52.2,48.75,54.25,0.0593,17008.0,1,1,1,0,0,0.0,0.25,0.0,0.75,1.0,1.0,1.0,0.0,0.0
barcelona,Verdun,subdivision,4,2,1,83.55,72.225,94.875,0.011,5709.0,0,0,0,0,0,0.0,0.25,0.0,0.5,0.0,0.0,0.0,0.0,0.0
barcelona,Vilapicina i la Torre Llobeta,subdivision,9,6,5,95.6,80.625,115.675,0.1352,42183.0,1,3,4,0,4,0.1111,0.5556,0.4444,0.6667,0.2,0.6,0.8,0.0,0.0
barcelona,el Baix Guinardó,subdivision,18,13,9,80.2,62.6,210.05,0.2465,394576.0,5,6,8,0,4,0.1111,0.5,0.2222,0.7222,0.5556,0.6667,0.8889,0.0,0.1818
barcelona,el Besòs i el Maresme,subdivision,10,5,5,118.25,46.7,210.55,0.1346,90894.0,2,2,2,1,2,0.0,0.5,0.2,0.5,0.4,0.4,0.4,0.2,0.2
barcelona,el Camp d'en Grassot i Gràcia Nova,subdivision,37,27,29,243.2,122.775,299.85,0.3199,1268444.0,19,20,20,6,12,0.1351,0.7838,0.3243,0.7297,0.6552,0.6897,0.6897,0.2069,0.0909
barcelona,el Camp de l'Arpa del Clot,subdivision,35,17,22,123.65,75.5,248.05,0.1561,370146.0,6,6,6,11,20,0.1714,0.6286,0.5714,0.4857,0.2727,0.2727,0.2727,0.5,0.2308
barcelona,el Carmel,subdivision,13,6,5,88.6,41.35,155.0,0.1366,22252.0,1,1,1,3,2,0.1538,0.3846,0.1538,0.4615,0.2,0.2,0.2,0.6,0.0
barcelona,el Clot,subdivision,8,7,5,92.1,59.65,168.9,0.1634,151130.0,3,4,4,0,1,0.125,0.625,0.125,0.875,0.6,0.8,0.8,0.0,0.0
barcelona,el Coll,subdivision,5,2,2,178.0,89.0,268.7,0.0,15624.0,1,1,1,1,2,0.4,0.4,0.4,0.4,0.5,0.5,0.5,0.5,0.0
barcelona,el Congrés i els Indians,subdivision,8,6,3,113.15,80.85,147.1,0.1315,154693.0,2,2,2,1,2,0.25,0.375,0.25,0.75,0.6667,0.6667,0.6667,0.3333,0.25
barcelona,el Fort Pienc,subdivision,67,43,35,165.2,96.4,325.0,0.1519,1434366.0,18,21,21,10,35,0.2687,0.5224,0.5224,0.6418,0.5143,0.6,0.6,0.2857,0.1667
barcelona,el Guinardó,subdivision,15,9,3,45.9,23.375,86.675,0.0922,97204.0,1,1,1,1,2,0.0,0.2,0.1333,0.6,0.3333,0.3333,0.3333,0.3333,0.0
barcelona,el Parc i la Llacuna del Poblenou,subdivision,25,13,11,129.45,66.275,207.1,0.1812,255302.0,4,5,5,4,11,0.08,0.44,0.44,0.52,0.3636,0.4545,0.4545,0.3636,0.0
barcelona,el Poble-sec,subdivision,118,80,83,211.2,106.9,273.15,0.2331,3173628.0,46,49,54,18,66,0.3644,0.7034,0.5593,0.678,0.5542,0.5904,0.6506,0.2169,0.2727
barcelona,el Poblenou,subdivision,59,39,43,198.2,101.05,277.4,0.2261,1511173.0,21,23,25,15,21,0.1186,0.7288,0.3559,0.661,0.4884,0.5349,0.5814,0.3488,0.1429
barcelona,el Putget i Farró,subdivision,23,16,15,198.1,116.0,273.0,0.1445,358223.0,7,7,8,6,13,0.3913,0.6522,0.5652,0.6957,0.4667,0.4667,0.5333,0.4,0.1818
barcelona,el Raval,subdivision,203,106,86,96.9,67.3,180.7,0.1146,1946921.0,28,32,35,31,78,0.1281,0.4236,0.3842,0.5222,0.3256,0.3721,0.407,0.3605,0.1447
barcelona,el Turó de la Peira,subdivision,5,4,0,22.0,20.15,45.775,0.0,836.0,0,0,0,0,2,0.0,0.0,0.4,0.8,,,,,0.0
barcelona,l'Antiga Esquerra de l'Eixample,subdivision,148,103,94,181.7,105.85,301.8,0.206,3982310.0,43,46,51,17,94,0.3446,0.6351,0.6351,0.6959,0.4574,0.4894,0.5426,0.1809,0.2727
barcelona,la Barceloneta,subdivision,68,37,50,95.75,68.725,187.0,0.0931,663163.0,13,16,17,19,37,0.2059,0.7353,0.5441,0.5441,0.26,0.32,0.34,0.38,0.0303
barcelona,la Bordeta,subdivision,5,1,1,118.85,109.025,128.675,0.4445,54599.0,1,1,1,0,0,0.0,0.2,0.0,0.2,1.0,1.0,1.0,0.0,0.0
barcelona,la Clota,subdivision,1,1,1,119.8,119.8,119.8,0.0,0.0,0,0,0,0,0,0.0,1.0,0.0,1.0,0.0,0.0,0.0,0.0,0.0
barcelona,la Dreta de l'Eixample,subdivision,295,209,201,265.6,131.7,404.2,0.2296,11371501.0,95,111,119,59,192,0.2644,0.6814,0.6508,0.7085,0.4726,0.5522,0.592,0.2935,0.2795
barcelona,la Font d'en Fargues,subdivision,2,1,1,66.1,66.1,66.1,0.0,8120.0,1,1,1,0,1,0.0,0.5,0.5,0.5,1.0,1.0,1.0,0.0,0.0
barcelona,la Font de la Guatlla,subdivision,12,9,10,230.4,177.7,263.1,0.3951,454796.0,7,7,8,2,5,0.1667,0.8333,0.4167,0.75,0.7,0.7,0.8,0.2,0.1667
barcelona,la Guineueta,subdivision,1,1,0,37.3,37.3,37.3,0.0,1362.0,0,0,0,0,0,0.0,0.0,0.0,1.0,,,,,0.0
barcelona,la Marina de Port,subdivision,9,6,2,47.45,30.65,87.4,0.0916,76900.0,1,1,1,1,2,0.0,0.2222,0.2222,0.6667,0.5,0.5,0.5,0.5,0.0
barcelona,la Marina del Prat Vermell,subdivision,1,0,1,,,,,0.0,0,0,0,1,1,0.0,1.0,1.0,0.0,0.0,0.0,0.0,1.0,
barcelona,la Maternitat i Sant Ramon,subdivision,10,5,3,80.25,68.5,81.8,0.1667,70829.0,1,1,1,1,3,0.2,0.3,0.3,0.5,0.3333,0.3333,0.3333,0.3333,0.0
barcelona,la Nova Esquerra de l'Eixample,subdivision,114,63,60,190.3,101.5,337.225,0.2415,2914637.0,31,34,36,19,65,0.4035,0.5263,0.5702,0.5526,0.5167,0.5667,0.6,0.3167,0.2917
barcelona,la Prosperitat,subdivision,3,2,1,72.7,66.25,79.15,0.0,4662.0,0,0,1,0,0,0.0,0.3333,0.0,0.6667,0.0,0.0,1.0,0.0,0.0
barcelona,la Sagrada Família,subdivision,144,98,106,251.4,105.15,323.25,0.2455,4566898.0,53,57,61,30,69,0.2847,0.7361,0.4792,0.6806,0.5,0.5377,0.5755,0.283,0.2439
barcelona,la Sagrera,subdivision,7,5,4,88.0,67.075,173.425,0.0927,123064.0,2,2,3,1,3,0.1429,0.5714,0.4286,0.7143,0.5,0.5,0.75,0.25,0.0
barcelona,la Salut,subdivision,7,3,3,141.1,69.525,575.1,0.086,53776.0,2,2,2,1,2,0.2857,0.4286,0.2857,0.4286,0.6667,0.6667,0.6667,0.3333,0.0
barcelona,la Teixonera,subdivision,2,0,1,,,,,0.0,0,0,0,1,0,0.0,0.5,0.0,0.0,0.0,0.0,0.0,1.0,
barcelona,la Trinitat Vella,subdivision,1,1,0,42.0,42.0,42.0,0.0,4982.0,0,0,0,0,0,0.0,0.0,0.0,1.0,,,,,
barcelona,la Vall d'Hebron,subdivision,1,1,0,57.2,57.2,57.2,0.0,1742.0,0,0,0,0,0,0.0,0.0,0.0,1.0,,,,,
barcelona,la Verneda i la Pau,subdivision,4,2,0,33.2,16.6,37.0,0.0,1327.0,0,0,0,0,1,0.0,0.0,0.25,0.5,,,,,0.0
barcelona,la Vila Olímpica del Poblenou,subdivision,15,12,12,240.2,103.125,264.025,0.2629,462591.0,7,7,7,3,7,0.2,0.8,0.4667,0.8,0.5833,0.5833,0.5833,0.25,0.4
barcelona,la Vila de Gràcia,subdivision,104,72,76,213.6,100.55,304.375,0.2275,2506987.0,34,39,43,20,54,0.25,0.7308,0.5192,0.6923,0.4474,0.5132,0.5658,0.2632,0.1961
barcelona,les Corts,subdivision,32,23,28,155.05,93.9,266.45,0.1394,547747.0,9,14,16,7,23,0.25,0.875,0.7188,0.7188,0.3214,0.5,0.5714,0.25,0.0455
barcelona,les Roquetes,subdivision,1,1,0,47.3,47.3,47.3,0.0,196.0,0,0,0,0,0,0.0,0.0,0.0,1.0,,,,,
barcelona,les Tres Torres,subdivision,9,8,7,166.5,87.4,198.8,0.1493,230905.0,5,5,5,0,5,0.4444,0.7778,0.5556,0.8889,0.7143,0.7143,0.7143,0.0,0.125
london,Abbey Wood,subdivision,13,8,4,55.3,48.9,131.75,0.1192,61765.0,2,2,2,0,5,0.0,0.3077,0.3846,0.6154,0.5,0.5,0.5,0.0,0.0
london,Abbots Manor Estate,subdivision,1,0,1,0.0,0.0,0.0,0.0,0.0,0,0,0,0,0,0.0,1.0,0.0,0.0,0.0,0.0,0.0,0.0,0.0
london,Addiscombe,subdivision,16,7,5,117.3,77.625,201.225,0.0764,37020.0,1,1,1,1,8,0.0625,0.3125,0.5,0.4375,0.2,0.2,0.2,0.2,0.0
london,Albany Park,subdivision,2,0,1,47.8,47.8,47.8,0.0,0.0,0,0,0,1,0,0.0,0.5,0.0,0.0,0.0,0.0,0.0,1.0,
london,Aldgate,subdivision,1,1,1,428.2,428.2,428.2,0.667,139481.0,1,1,1,0,1,0.0,1.0,1.0,1.0,1.0,1.0,1.0,0.0,0.0
london,Alperton,subdivision,15,9,8,113.65,72.95,212.1,0.0067,93730.0,1,2,2,5,4,0.0667,0.5333,0.2667,0.6,0.125,0.25,0.25,0.625,0.0
london,Amberley Estate,subdivision,1,0,1,,,,,0.0,0,0,0,1,0,0.0,1.0,0.0,0.0,0.0,0.0,0.0,1.0,
london,Anerley,subdivision,5,4,2,58.1,46.6,99.25,0.0055,14114.0,0,1,1,0,2,0.0,0.4,0.4,0.8,0.0,0.5,0.5,0.0,0.0
london,Aperfield,subdivision,1,0,0,,,,,0.0,0,0,0,0,0,0.0,0.0,0.0,0.0,,,,,
london,Archway,subdivision,36,25,20,127.9,85.05,178.925,0.1167,343147.0,6,7,7,9,12,0.0278,0.5556,0.3333,0.6944,0.3,0.35,0.35,0.45,0.2353
london,Ardleigh Green,subdivision,1,1,0,85.7,85.7,85.7,0.089,15480.0,0,0,0,0,0,0.0,0.0,0.0,1.0,,,,,0.0
london,Balham,subdivision,32,17,21,198.5,118.3,356.1,0.1492,385090.0,5,7,8,8,4,0.0312,0.6562,0.125,0.5312,0.2381,0.3333,0.381,0.381,0.125
london,Banbury Park,subdivision,2,2,2,215.9,162.9,268.9,0.0,22643.0,0,1,1,0,1,0.0,1.0,0.5,1.0,0.0,0.5,0.5,0.0,0.0
london,Barking Riverside,subdivision,3,1,1,119.15,89.975,148.325,0.0,379.0,0,0,0,0,0,0.0,0.3333,0.0,0.3333,0.0,0.0,0.0,0.0,0.0
london,Barkingside,subdivision,3,2,1,61.25,60.075,62.425,0.0,401.0,0,0,0,1,0,0.0,0.3333,0.0,0.6667,0.0,0.0,0.0,1.0,0.0
london,Barnehurst,subdivision,5,4,3,173.9,52.0,298.175,0.0,3414.0,0,0,0,2,2,0.0,0.6,0.4,0.8,0.0,0.0,0.0,0.6667,0.0
london,Barnsbury,subdivision,109,71,77,180.55,130.175,235.65,0.1661,1801224.0,24,27,33,24,50,0.0917,0.7064,0.4587,0.6514,0.3117,0.3506,0.4286,0.3117,0.1228
london,Battersea,subdivision,81,53,49,134.4,84.325,259.25,0.1389,1168754.0,10,13,19,15,21,0.0494,0.6049,0.2593,0.6543,0.2041,0.2653,0.3878,0.3061,0.0
london,Battersea Exchange,subdivision,2,0,2,,,,,0.0,0,0,0,2,0,0.0,1.0,0.0,0.0,0.0,0.0,0.0,1.0,
london,Bayswater,neighborhood,31,19,22,186.1,140.225,316.825,0.1793,668921.0,8,9,10,6,20,0.3871,0.7097,0.6452,0.6129,0.3636,0.4091,0.4545,0.2727,0.0714
london,Beam Park,subdivision,1,1,1,210.3,210.3,210.3,0.0,0.0,0,0,0,0,0,0.0,1.0,0.0,1.0,0.0,0.0,0.0,0.0,
london,Beckenham,subdivision,2,1,2,165.7,165.7,165.7,0.067,31957.0,1,1,1,1,0,0.0,1.0,0.0,0.5,0.5,0.5,0.5,0.5,0.0
london,Beckton,subdivision,8,6,5,181.7,141.1,236.25,0.037,52440.0,1,1,2,1,2,0.125,0.625,0.25,0.75,0.2,0.2,0.4,0.2,0.0
london,Becontree,subdivision,7,1,3,108.9,65.7,199.3,0.1168,18131.0,0,0,0,1,1,0.1429,0.4286,0.1429,0.1429,0.0,0.0,0.0,0.3333,0.0
london,Becontree Heath,subdivision,1,1,0,64.9,64.9,64.9,0.7,6311.0,0,0,0,0,0,0.0,0.0,0.0,1.0,,,,,0.0
london,Beddington,subdivision,1,1,0,48.2,48.2,48.2,0.567,6826.0,0,0,0,0,0,0.0,0.0,0.0,1.0,,,,,0.0
london,Bedfont,subdivision,5,3,1,74.6,53.15,82.05,0.0037,2702.0,0,0,0,1,0,0.0,0.2,0.0,0.6,0.0,0.0,0.0,1.0,0.0
london,Bedford Park,subdivision,3,3,3,124.3,124.25,131.1,0.0,1605.0,0,0,0,3,3,0.0,1.0,1.0,1.0,0.0,0.0,0.0,1.0,
london,Belgravia,subdivision,22,15,21,392.3,296.1,725.8,0.2111,818839.0,7,8,8,8,15,0.4091,0.9545,0.6818,0.6818,0.3333,0.381,0.381,0.381,0.4545
london,Bellenden,subdivision,6,4,4,166.9,127.2,211.475,0.0972,86894.0,2,2,2,2,0,0.0,0.6667,0.0,0.6667,0.5,0.5,0.5,0.5,0.0
london,Belmont,subdivision,1,0,1,,,,,0.0,0,0,0,1,0,0.0,1.0,0.0,0.0,0.0,0.0,0.0,1.0,
london,Belsize Park,subdivision,61,36,51,239.9,130.8,336.4,0.114,707434.0,11,13,14,26,20,0.1475,0.8361,0.3279,0.5902,0.2157,0.2549,0.2745,0.5098,0.0769
london,Benhilton,subdivision,9,8,3,73.15,59.575,114.225,0.1041,51322.0,1,1,2,0,1,0.1111,0.3333,0.1111,0.8889,0.3333,0.3333,0.6667,0.0,0.0
london,Bermondsey,subdivision,48,27,26,122.0,70.5,232.8,0.1337,262642.0,3,4,5,12,19,0.0208,0.5417,0.3958,0.5625,0.1154,0.1538,0.1923,0.4615,0.0
london,Berrylands,subdivision,3,1,1,45.0,22.5,67.5,0.061,5281.0,0,0,0,0,1,0.3333,0.3333,0.3333,0.3333,0.0,0.0,0.0,0.0,0.0
london,Bethnal Green,subdivision,86,54,45,133.3,66.175,218.85,0.113,887918.0,12,15,15,13,24,0.0698,0.5233,0.2791,0.6279,0.2667,0.3333,0.3333,0.2889,0.0278
london,Bexley,subdivision,3,2,1,109.9,82.3,265.7,0.1703,63138.0,1,1,1,0,0,0.0,0.3333,0.0,0.6667,1.0,1.0,1.0,0.0,0.0
london,Bickley,subdivision,1,1,1,193.6,193.6,193.6,0.0,2306.0,0,0,0,0,0,0.0,1.0,0.0,1.0,0.0,0.0,0.0,0.0,
london,Bishopsgate Without,subdivision,1,1,1,393.1,393.1,393.1,0.722,122087.0,1,1,1,0,1,0.0,1.0,1.0,1.0,1.0,1.0,1.0,0.0,0.0
london,Blackfen,subdivision,3,3,3,162.0,158.6,163.6,0.026,16154.0,0,1,1,0,2,0.0,1.0,0.6667,1.0,0.0,0.3333,0.3333,0.0,0.0
london,Blackheath,subdivision,12,6,8,134.6,67.65,219.225,0.1277,96603.0,2,2,2,3,3,0.0833,0.6667,0.25,0.5,0.25,0.25,0.25,0.375,0.0
london,Blackwall,subdivision,27,17,18,168.15,96.625,276.125,0.0611,189868.0,3,3,3,10,11,0.0741,0.6667,0.4074,0.6296,0.1667,0.1667,0.1667,0.5556,0.1
london,Blendon,subdivision,1,1,0,46.0,46.0,46.0,0.022,7948.0,0,0,0,0,0,0.0,0.0,0.0,1.0,,,,,0.0
london,Bloomsbury,subdivision,69,43,49,282.8,184.0,468.625,0.1211,949340.0,7,9,15,23,39,0.2319,0.7101,0.5652,0.6232,0.1429,0.1837,0.3061,0.4694,0.12
london,Bow,subdivision,78,48,52,139.5,82.875,208.65,0.0955,643638.0,12,16,18,17,14,0.0641,0.6667,0.1795,0.6154,0.2308,0.3077,0.3462,0.3269,0.0263
london,Bowes,subdivision,5,4,1,69.6,64.2,89.4,0.1668,46847.0,1,1,1,0,0,0.0,0.2,0.0,0.8,1.0,1.0,1.0,0.0,0.0
london,Brent Cross,subdivision,8,7,7,150.2,133.95,196.05,0.2001,190253.0,4,5,6,0,5,0.375,0.875,0.625,0.875,0.5714,0.7143,0.8571,0.0,0.0
london,Brixton,subdivision,58,29,38,115.8,68.8,207.2,0.1074,456638.0,9,10,11,17,7,0.069,0.6552,0.1207,0.5,0.2368,0.2632,0.2895,0.4474,0.0
london,Broad Green,subdivision,18,11,14,130.0,48.15,157.475,0.0407,84488.0,2,4,4,6,5,0.0556,0.7778,0.2778,0.6111,0.1429,0.2857,0.2857,0.4286,0.125
london,Broadfields,subdivision,1,1,0,47.5,47.5,47.5,0.056,2308.0,0,0,0,0,0,0.0,0.0,0.0,1.0,,,,,0.0
london,Brockley,subdivision,15,10,11,162.0,91.075,247.75,0.1481,143222.0,3,4,4,2,0,0.0,0.7333,0.0,0.6667,0.2727,0.3636,0.3636,0.1818,0.0
london,Brompton,subdivision,100,65,95,306.6,209.8,449.2,0.1155,1868905.0,20,28,35,44,48,0.15,0.95,0.48,0.65,0.2105,0.2947,0.3684,0.4632,0.2143
london,Brondesbury,subdivision,55,31,37,137.95,97.825,263.45,0.0509,339760.0,5,5,7,21,32,0.3091,0.6727,0.5818,0.5636,0.1351,0.1351,0.1892,0.5676,0.0
london,Brook Green,subdivision,24,19,20,206.5,158.4,295.4,0.1439,536438.0,7,10,10,4,8,0.2083,0.8333,0.3333,0.7917,0.35,0.5,0.5,0.2,0.1875
london,Brunswick Park,subdivision,4,3,0,59.0,56.35,65.7,0.2963,30422.0,0,0,0,0,0,0.0,0.0,0.0,0.75,,,,,0.0
london,Burnt Ash,subdivision,2,2,2,247.15,185.225,309.075,0.139,66590.0,1,1,1,0,1,0.0,1.0,0.5,1.0,0.5,0.5,0.5,0.0,0.0
london,Burnt Ash Green,subdivision,2,1,1,57.4,57.4,57.4,0.0,3984.0,0,0,0,1,0,0.0,0.5,0.0,0.5,0.0,0.0,0.0,1.0,0.0
london,Burnt Oak,subdivision,2,0,1,,,,,0.0,0,0,0,1,0,0.0,0.5,0.0,0.0,0.0,0.0,0.0,1.0,
london,Callis Yard,subdivision,15,6,10,163.9,120.55,184.8,0.0239,69159.0,1,3,3,5,3,0.0667,0.6667,0.2,0.4,0.1,0.3,0.3,0.5,0.0
london,Camberwell,subdivision,59,36,37,127.1,80.725,189.3,0.1,408724.0,5,9,9,13,11,0.0847,0.6271,0.1864,0.6102,0.1351,0.2432,0.2432,0.3514,0.0385
london,Canary Wharf,subdivision,22,13,16,267.9,153.7,297.45,0.1356,301337.0,3,6,8,6,8,0.0909,0.7273,0.3636,0.5909,0.1875,0.375,0.5,0.375,0.1667
london,Cane Hill Park,subdivision,1,1,0,79.1,79.1,79.1,0.0,0.0,0,0,0,0,0,0.0,0.0,0.0,1.0,,,,,
london,Cann Hall,subdivision,4,4,2,154.6,92.45,242.3,0.25,83361.0,2,2,2,0,0,0.0,0.5,0.0,1.0,1.0,1.0,1.0,0.0,0.0
london,Canning Town,subdivision,44,28,21,127.9,88.2,241.5,0.1308,381430.0,4,6,7,10,8,0.0455,0.4773,0.1818,0.6364,0.1905,0.2857,0.3333,0.4762,0.0526
london,Carlton Gate,subdivision,2,2,2,238.75,202.425,275.075,0.122,53082.0,1,1,1,1,0,0.0,1.0,0.0,1.0,0.5,0.5,0.5,0.5,0.0
london,Carolina Wong,subdivision,2,1,2,378.9,378.9,378.9,0.3,47657.0,1,1,1,1,1,0.0,1.0,0.5,0.5,0.5,0.5,0.5,0.5,0.0
london,Carshalton Beeches,subdivision,4,3,3,90.4,64.65,100.35,0.0278,32200.0,1,1,1,0,2,0.5,0.75,0.5,0.75,0.3333,0.3333,0.3333,0.0,0.0
london,Carshalton-on-the-Hill,subdivision,1,0,0,47.5,47.5,47.5,0.0,0.0,0,0,0,0,0,0.0,0.0,0.0,0.0,,,,,
london,Carterhatch,subdivision,1,0,1,266.3,266.3,266.3,0.0,264.0,0,0,0,0,0,0.0,1.0,0.0,0.0,0.0,0.0,0.0,0.0,0.0
london,Catford South,subdivision,11,1,4,68.7,16.35,96.825,0.0815,14675.0,1,1,1,0,3,0.0,0.3636,0.2727,0.0909,0.25,0.25,0.25,0.0,0.0
london,Central Hill Estate,subdivision,2,1,1,58.8,58.8,58.8,0.1,6998.0,0,0,0,1,0,0.0,0.5,0.0,0.5,0.0,0.0,0.0,1.0,0.0
london,Chadwell Heath,subdivision,4,3,3,147.45,129.05,202.925,0.086,29134.0,1,1,1,0,1,0.0,0.75,0.25,0.75,0.3333,0.3333,0.3333,0.0,0.0
london,Chalk Farm,subdivision,72,37,49,219.4,104.35,322.175,0.1875,1242388.0,11,12,15,26,41,0.25,0.6806,0.5694,0.5139,0.2245,0.2449,0.3061,0.5306,0.1034
london,Chalk Hill Estate,subdivision,3,3,3,255.9,241.7,287.1,0.048,40779.0,0,1,1,0,2,0.0,1.0,0.6667,1.0,0.0,0.3333,0.3333,0.0,0.0
london,Chapel End,subdivision,3,2,2,68.7,34.35,219.85,0.3443,95836.0,1,1,1,0,0,0.0,0.6667,0.0,0.6667,0.5,0.5,0.5,0.0,0.0
london,Charlton,subdivision,12,7,5,177.6,74.0,229.3,0.0272,74466.0,0,1,3,1,1,0.0,0.4167,0.0833,0.5833,0.0,0.2,0.6,0.2,0.5
london,Charlton Riverside,subdivision,10,7,6,142.55,69.175,241.275,0.0404,24511.0,0,0,1,2,4,0.2,0.6,0.4,0.7,0.0,0.0,0.1667,0.3333,0.0
london,Chelsea,subdivision,123,82,112,405.2,229.25,719.35,0.1059,3902021.0,26,33,42,43,63,0.2683,0.9106,0.5122,0.6667,0.2321,0.2946,0.375,0.3839,0.24
london,Chelsea Creek,subdivision,5,5,5,341.0,243.9,495.8,0.1156,224059.0,2,3,3,0,3,0.0,1.0,0.6,1.0,0.4,0.6,0.6,0.0,0.0
london,Chelsea Waterfront,subdivision,1,1,1,156.3,156.3,156.3,0.0,1619.0,0,0,0,0,0,0.0,1.0,0.0,1.0,0.0,0.0,0.0,0.0,1.0
london,Chessington,subdivision,2,2,2,227.05,225.725,228.375,0.0,0.0,0,0,0,2,0,0.0,1.0,0.0,1.0,0.0,0.0,0.0,1.0,
london,Chingford,subdivision,5,2,3,73.5,36.75,95.9,0.0,603.0,0,0,0,1,2,0.0,0.6,0.4,0.4,0.0,0.0,0.0,0.3333,0.0
london,Chislehurst,subdivision,3,3,3,160.7,157.5,161.15,0.059,22324.0,0,1,2,0,2,0.0,1.0,0.6667,1.0,0.0,0.3333,0.6667,0.0,0.0
london,Chiswick Business Park,subdivision,2,1,1,206.4,161.7,251.1,0.0,2204.0,0,0,0,0,0,0.0,0.5,0.0,0.5,0.0,0.0,0.0,0.0,0.0
london,Church End,subdivision,11,3,7,95.2,57.675,125.775,0.2335,88620.0,2,2,2,4,2,0.0,0.6364,0.1818,0.2727,0.2857,0.2857,0.2857,0.5714,0.0
london,Churchill Gardens Estate,subdivision,9,7,4,106.9,87.7,239.65,0.3047,220907.0,1,1,1,1,3,0.0,0.4444,0.3333,0.7778,0.25,0.25,0.25,0.25,0.0
london,Clapham,subdivision,61,43,44,196.7,96.1,316.0,0.1256,1213459.0,13,13,15,13,11,0.082,0.7213,0.1803,0.7049,0.2955,0.2955,0.3409,0.2955,0.0
london,Clapham Junction,subdivision,87,57,70,213.1,137.8,282.7,0.1113,1094527.0,18,22,26,25,24,0.1264,0.8046,0.2759,0.6552,0.2571,0.3143,0.3714,0.3571,0.0
london,Clapton,subdivision,56,36,40,160.1,91.925,203.05,0.1032,558713.0,6,13,16,7,9,0.0357,0.7143,0.1607,0.6429,0.15,0.325,0.4,0.175,0.0526
london,Clayhall,subdivision,3,0,2,,,,,0.0,0,0,0,2,0,0.0,0.6667,0.0,0.0,0.0,0.0,0.0,1.0,
london,Clayponds Gardens,subdivision,2,0,1,,,,,0.0,0,0,0,1,0,0.0,0.5,0.0,0.0,0.0,0.0,0.0,1.0,
london,Clerkenwell,subdivision,71,50,59,264.0,198.425,364.375,0.1594,1487279.0,19,24,26,17,30,0.1408,0.831,0.4225,0.7042,0.322,0.4068,0.4407,0.2881,0.1538
london,Cockfosters,subdivision,1,0,0,,,,,0.0,0,0,0,0,0,0.0,0.0,0.0,0.0,,,,,
london,Colindale,subdivision,21,8,11,100.55,67.625,152.7,0.0,12994.0,0,0,0,7,10,0.0952,0.5238,0.4762,0.381,0.0,0.0,0.0,0.6364,0.0
london,College Park,subdivision,10,6,8,233.55,194.475,258.15,0.0,70138.0,1,1,2,5,6,0.4,0.8,0.6,0.6,0.125,0.125,0.25,0.625,0.0
london,Collier Row,subdivision,3,2,3,115.4,57.7,121.15,0.0,0.0,0,0,0,2,0,0.0,1.0,0.0,0.6667,0.0,0.0,0.0,0.6667,0.0
london,Collier's Wood,subdivision,17,8,12,165.0,115.15,244.0,0.0243,38209.0,1,1,2,7,5,0.0,0.7059,0.2941,0.4706,0.0833,0.0833,0.1667,0.5833,0.0
london,Colnbrook with Poyle,subdivision,1,0,0,,,,,0.0,0,0,0,0,0,0.0,0.0,0.0,0.0,,,,,
london,Colney Hatch,subdivision,8,6,2,83.7,60.85,109.9,0.0237,22059.0,1,1,2,0,4,0.0,0.25,0.5,0.75,0.5,0.5,1.0,0.0,0.0
london,Coombe,subdivision,2,1,1,66.0,66.0,66.0,0.156,10296.0,0,0,0,1,0,0.0,0.5,0.0,0.5,0.0,0.0,0.0,1.0,0.0
london,Cowley,subdivision,5,3,4,291.1,256.2,398.75,0.0,47740.0,1,1,1,2,1,0.2,0.8,0.2,0.6,0.25,0.25,0.25,0.5,0.0
london,Cranford,subdivision,2,1,2,108.95,86.825,131.075,0.1555,16820.0,1,1,1,1,0,0.0,1.0,0.0,0.5,0.5,0.5,0.5,0.5,0.0
london,Crayford,subdivision,1,1,0,67.4,67.4,67.4,0.2,6662.0,0,0,0,0,0,0.0,0.0,0.0,1.0,,,,,0.0
london,Cricklewood,subdivision,16,10,13,103.2,84.65,165.05,0.0944,178006.0,2,2,2,8,8,0.375,0.8125,0.5,0.625,0.1538,0.1538,0.1538,0.6154,0.0
london,Crofton,subdivision,2,1,1,64.6,63.0,66.2,0.0,4299.0,0,0,1,0,0,0.0,0.5,0.0,0.5,0.0,0.0,1.0,0.0,0.0
london,Crouch End,subdivision,11,5,9,206.6,137.1,320.75,0.184,207046.0,3,3,5,3,2,0.1818,0.8182,0.1818,0.4545,0.3333,0.3333,0.5556,0.3333,0.0
london,Crystal Palace,subdivision,17,8,9,60.4,0.0,107.525,0.0583,26558.0,1,1,1,3,3,0.1176,0.5294,0.1765,0.4706,0.1111,0.1111,0.1111,0.3333,0.0
london,Custom House,subdivision,2,2,1,169.75,121.075,218.425,0.1165,43170.0,1,1,1,0,1,0.0,0.5,0.5,1.0,1.0,1.0,1.0,0.0,0.0
london,Cyprus,subdivision,4,1,3,191.5,191.5,191.5,0.489,46524.0,1,1,1,2,0,0.0,0.75,0.0,0.25,0.3333,0.3333,0.3333,0.6667,0.0
london,Dagenham,subdivision,10,9,5,138.65,48.0,231.15,0.0678,56985.0,1,1,1,1,3,0.0,0.5,0.3,0.9,0.2,0.2,0.2,0.2,0.0
london,Dalston,subdivision,35,18,26,180.95,106.6,300.35,0.1333,444023.0,3,5,8,14,9,0.0286,0.7429,0.2571,0.5143,0.1154,0.1923,0.3077,0.5385,0.0
london,Dartmouth Park,subdivision,6,2,5,409.3,325.95,492.65,0.2555,97839.0,1,1,1,4,0,0.0,0.8333,0.0,0.3333,0.2,0.2,0.2,0.8,0.0
london,Deptford,subdivision,26,21,19,139.8,79.65,204.45,0.1139,253847.0,4,6,6,6,7,0.0769,0.7308,0.2692,0.8077,0.2105,0.3158,0.3158,0.3158,0.0
london,Dollis Hill,subdivision,44,31,23,103.25,77.2,152.65,0.0552,244593.0,5,7,9,9,22,0.1591,0.5227,0.5,0.7045,0.2174,0.3043,0.3913,0.3913,0.0
london,Downham,subdivision,7,3,4,97.95,48.875,130.0,0.0482,9878.0,0,0,0,1,0,0.0,0.5714,0.0,0.4286,0.0,0.0,0.0,0.25,0.0
london,Dulwich,subdivision,2,1,1,161.4,139.25,183.55,0.0,4131.0,0,0,0,0,0,0.0,0.5,0.0,0.5,0.0,0.0,0.0,0.0,0.0
london,Dulwich Village,subdivision,12,8,8,180.8,94.35,283.375,0.0933,73914.0,1,1,1,2,3,0.0833,0.6667,0.25,0.6667,0.125,0.125,0.125,0.25,0.0
london,Earl's Court,subdivision,168,102,145,245.15,159.1,382.575,0.105,2257045.0,23,35,43,74,102,0.3571,0.8631,0.6071,0.6071,0.1586,0.2414,0.2966,0.5103,0.2292
london,Earlsfield,subdivision,22,16,13,145.0,97.9,423.325,0.1321,347327.0,4,4,5,3,3,0.1364,0.5909,0.1364,0.7273,0.3077,0.3077,0.3846,0.2308,0.0714
london,East Dulwich,subdivision,24,15,16,173.5,115.2,244.4,0.1516,163830.0,2,2,3,6,4,0.0,0.6667,0.1667,0.625,0.125,0.125,0.1875,0.375,0.0
london,East Greenwich,subdivision,35,22,25,180.25,90.95,258.425,0.0268,235925.0,2,6,7,14,7,0.0857,0.7143,0.2,0.6286,0.08,0.24,0.28,0.56,0.0
london,East Ham,subdivision,6,4,0,74.1,63.7,82.075,0.111,32312.0,0,0,0,0,0,0.0,0.0,0.0,0.6667,,,,,0.0
london,East Marylebone,subdivision,20,15,20,506.4,374.4,791.05,0.1489,1334277.0,7,7,13,6,12,0.2,1.0,0.6,0.75,0.35,0.35,0.65,0.3,0.2222
london,East Sheen,subdivision,13,6,9,123.0,53.5,158.65,0.2016,113109.0,2,3,3,6,2,0.0,0.6923,0.1538,0.4615,0.2222,0.3333,0.3333,0.6667,0.0
london,East Wickham,subdivision,1,1,1,170.9,170.9,170.9,0.522,49083.0,1,1,1,0,0,0.0,1.0,0.0,1.0,1.0,1.0,1.0,0.0,0.0
london,Eastcote,subdivision,3,0,1,59.9,59.9,59.9,0.0,0.0,0,0,0,1,0,0.0,0.3333,0.0,0.0,0.0,0.0,0.0,1.0,
london,Eastcote Village,subdivision,1,0,0,,,,,0.0,0,0,0,0,0,0.0,0.0,0.0,0.0,,,,,
london,Eden Park,subdivision,1,1,1,222.4,222.4,222.4,0.0,0.0,0,0,0,0,1,0.0,1.0,1.0,1.0,0.0,0.0,0.0,0.0,1.0
london,Edmonton,subdivision,7,5,3,93.0,77.4,119.4,0.2407,83301.0,3,3,3,0,0,0.0,0.4286,0.0,0.7143,1.0,1.0,1.0,0.0,0.0
london,Elder Farm,subdivision,1,0,0,,,,,0.0,0,0,0,0,0,0.0,0.0,0.0,0.0,,,,,
london,Elephant and Castle,subdivision,92,63,60,174.4,104.775,302.65,0.202,1940766.0,19,22,25,21,33,0.0978,0.6522,0.3587,0.6848,0.3167,0.3667,0.4167,0.35,0.0196
london,Elm Park,subdivision,7,5,2,152.3,96.3,156.2,0.0422,21787.0,0,0,0,0,2,0.0,0.2857,0.2857,0.7143,0.0,0.0,0.0,0.0,0.0
london,Elmers End,subdivision,3,2,3,143.35,134.675,152.025,0.1225,44208.0,2,2,2,1,0,0.0,1.0,0.0,0.6667,0.6667,0.6667,0.6667,0.3333,0.0
london,Elmstead,subdivision,3,2,1,123.2,88.9,157.5,0.178,7185.0,0,0,0,0,1,0.0,0.3333,0.3333,0.6667,0.0,0.0,0.0,0.0,0.0
london,Enfield Island Village,subdivision,2,1,1,150.4,150.4,150.4,0.0,0.0,0,0,0,1,0,0.0,0.5,0.0,0.5,0.0,0.0,0.0,1.0,
london,Enfield Lock,subdivision,3,2,2,206.7,184.85,228.55,0.0665,8152.0,0,0,1,0,0,0.0,0.6667,0.0,0.6667,0.0,0.0,0.5,0.0,0.0
london,Enfield Wash,subdivision,2,0,0,,,,,0.0,0,0,0,0,0,0.0,0.0,0.0,0.0,,,,,
london,Fairlop,subdivision,2,1,1,36.4,36.4,36.4,0.011,71.0,0,0,0,1,0,0.0,0.5,0.0,0.5,0.0,0.0,0.0,1.0,0.0
london,Falconwood,subdivision,1,1,1,265.7,265.7,265.7,0.022,12705.0,0,0,1,0,0,0.0,1.0,0.0,1.0,0.0,0.0,1.0,0.0,0.0
london,Fallow Corner,subdivision,3,3,2,322.0,176.2,447.95,0.0333,40241.0,0,0,2,0,2,0.0,0.6667,0.6667,1.0,0.0,0.0,1.0,0.0,0.0
london,Feltham,subdivision,10,4,4,190.4,129.05,244.075,0.0472,18056.0,0,0,1,2,3,0.0,0.4,0.3,0.4,0.0,0.0,0.25,0.5,0.0
london,Finchley,subdivision,14,10,10,110.5,73.8,185.45,0.0202,52963.0,1,1,2,2,5,0.3571,0.7143,0.3571,0.7143,0.1,0.1,0.2,0.2,0.0
london,Finsbury,subdivision,29,16,21,160.3,130.8,232.6,0.1128,250810.0,2,5,5,11,11,0.1379,0.7241,0.3793,0.5517,0.0952,0.2381,0.2381,0.5238,0.0833
london,Finsbury Park,subdivision,39,30,21,148.7,96.1,204.0,0.1179,387869.0,7,9,11,7,4,0.0,0.5385,0.1026,0.7692,0.3333,0.4286,0.5238,0.3333,0.0909
london,Fitzrovia,subdivision,104,62,80,224.8,135.8,308.4,0.1797,1944908.0,18,24,26,41,63,0.1923,0.7692,0.6058,0.5962,0.225,0.3,0.325,0.5125,0.05
london,Forest Gate,subdivision,11,7,5,94.85,49.55,147.1,0.0,52395.0,1,1,1,3,0,0.0,0.4545,0.0,0.6364,0.2,0.2,0.2,0.6,0.0
london,Forest Hill,subdivision,15,11,11,117.8,75.8,135.6,0.1248,144655.0,3,4,4,3,0,0.0,0.7333,0.0,0.7333,0.2727,0.3636,0.3636,0.2727,0.0
london,Forestdale,subdivision,2,1,1,170.8,170.8,170.8,0.0,2379.0,0,0,0,1,0,0.0,0.5,0.0,0.5,0.0,0.0,0.0,1.0,
london,Friern Barnet,subdivision,10,4,4,82.1,30.75,140.3,0.0,9991.0,0,0,0,2,0,0.0,0.4,0.0,0.4,0.0,0.0,0.0,0.5,0.0
london,Fulham,subdivision,139,81,113,235.65,148.775,364.7,0.0822,1810970.0,22,33,43,54,63,0.2158,0.8129,0.4532,0.5827,0.1947,0.292,0.3805,0.4779,0.1404
london,Furzedown,subdivision,50,29,22,118.3,63.0,233.8,0.0997,294290.0,2,3,5,10,11,0.06,0.44,0.22,0.58,0.0909,0.1364,0.2273,0.4545,0.1429
london,Gants Hill,subdivision,12,6,4,99.65,52.375,167.425,0.1346,151245.0,3,3,3,0,6,0.0,0.3333,0.5,0.5,0.75,0.75,0.75,0.0,0.0
london,Gascoigne Estate,subdivision,1,1,1,187.5,187.5,187.5,0.0,3883.0,0,0,0,0,0,0.0,1.0,0.0,1.0,0.0,0.0,0.0,0.0,0.0
london,Gidea Park,subdivision,8,7,4,197.9,65.55,219.85,0.0666,115432.0,2,2,4,0,2,0.0,0.5,0.25,0.875,0.5,0.5,1.0,0.0,0.0
london,Glyndon,subdivision,1,0,0,,,,,0.0,0,0,0,0,0,0.0,0.0,0.0,0.0,,,,,
london,Goddington,subdivision,5,4,4,289.25,262.15,297.125,0.0,35513.0,1,2,3,0,3,0.6,0.8,0.6,0.8,0.25,0.5,0.75,0.0,0.0
london,Golders Green,subdivision,34,26,23,184.95,85.4,335.125,0.0595,278780.0,7,9,10,4,15,0.0882,0.6765,0.4412,0.7647,0.3043,0.3913,0.4348,0.1739,0.2
london,Gospel Oak,subdivision,26,12,21,218.7,102.65,346.3,0.1012,495139.0,6,6,8,8,11,0.1538,0.8077,0.4231,0.4615,0.2857,0.2857,0.381,0.381,0.0
london,Gould's Green,subdivision,2,2,1,94.9,81.8,108.0,0.1665,14017.0,0,1,1,0,0,0.0,0.5,0.0,1.0,0.0,1.0,1.0,0.0,0.0
london,Grand Union Village,subdivision,1,1,0,49.6,49.6,49.6,0.0,2094.0,0,0,0,0,0,0.0,0.0,0.0,1.0,,,,,
london,Green Street Green,subdivision,1,1,1,437.4,437.4,437.4,0.222,45691.0,1,1,1,0,0,0.0,1.0,0.0,1.0,1.0,1.0,1.0,0.0,0.0
london,Greenford,subdivision,9,7,5,75.45,71.8,104.55,0.1041,53348.0,1,1,3,2,1,0.1111,0.5556,0.1111,0.7778,0.2,0.2,0.6,0.4,0.0
london,Greenland Place,subdivision,1,1,1,177.0,177.0,177.0,0.0,21984.0,1,1,1,0,0,0.0,1.0,0.0,1.0,1.0,1.0,1.0,0.0,0.0
london,Greenwich Peninsula,subdivision,15,10,13,203.95,192.625,262.725,0.1088,204549.0,3,4,5,5,7,0.0667,0.8667,0.4667,0.6667,0.2308,0.3077,0.3846,0.3846,0.2
london,Greenwich Town Centre,subdivision,13,6,9,151.9,124.125,247.475,0.024,31649.0,0,1,1,6,1,0.0,0.6923,0.0769,0.4615,0.0,0.1111,0.1111,0.6667,0.0
london,Grove Park,subdivision,10,7,8,301.8,261.775,374.3,0.1014,141335.0,2,3,3,1,1,0.0,0.8,0.1,0.7,0.25,0.375,0.375,0.125,0.0
london,Hackbridge,subdivision,5,2,4,158.9,79.45,161.15,0.189,43531.0,1,1,1,1,0,0.0,0.8,0.0,0.4,0.25,0.25,0.25,0.25,0.0
london,Hackney,subdivision,72,45,47,169.6,81.8,276.3,0.0908,728428.0,11,16,18,14,19,0.0833,0.6528,0.2639,0.625,0.234,0.3404,0.383,0.2979,0.1053
london,Hackney Wick,subdivision,15,9,9,156.9,95.6,181.9,0.2137,119312.0,1,2,2,5,4,0.2,0.6,0.2667,0.6,0.1111,0.2222,0.2222,0.5556,0.0
london,Haggerston,subdivision,53,22,35,186.9,72.55,278.25,0.052,457902.0,8,9,10,17,9,0.0566,0.6604,0.1698,0.4151,0.2286,0.2571,0.2857,0.4857,0.0476
london,Hale End,subdivision,3,2,1,62.2,61.8,104.35,0.1073,5191.0,0,0,0,0,1,0.0,0.3333,0.3333,0.6667,0.0,0.0,0.0,0.0,0.0
london,Ham,subdivision,1,1,1,399.0,399.0,399.0,0.122,62515.0,1,1,1,0,0,0.0,1.0,0.0,1.0,1.0,1.0,1.0,0.0,0.0
london,Hammersmith,subdivision,59,35,50,230.1,150.9,309.1,0.1013,759533.0,11,13,16,21,21,0.0508,0.8475,0.3559,0.5932,0.22,0.26,0.32,0.42,0.04
london,Hampstead Garden Suburb,subdivision,4,3,1,134.0,127.5,183.7,0.0443,54783.0,1,1,1,0,0,0.0,0.25,0.0,0.75,1.0,1.0,1.0,0.0,0.0
london,Hampton,subdivision,7,4,7,252.25,230.6,274.275,0.0722,66293.0,1,1,3,2,3,0.1429,1.0,0.4286,0.5714,0.1429,0.1429,0.4286,0.2857,0.0
london,Hampton Hill,subdivision,4,2,1,88.0,78.85,121.3,0.148,37044.0,0,0,0,0,0,0.0,0.25,0.0,0.5,0.0,0.0,0.0,0.0,0.0
london,Hampton Wick,subdivision,6,3,3,113.8,95.15,334.85,0.2297,124114.0,1,1,1,2,2,0.0,0.5,0.3333,0.5,0.3333,0.3333,0.3333,0.6667,0.0
london,Hanwell,subdivision,34,24,17,133.5,78.8,204.65,0.1756,472474.0,6,8,8,6,10,0.1176,0.5,0.2941,0.7059,0.3529,0.4706,0.4706,0.3529,0.0952
london,Hanworth,subdivision,3,2,1,172.3,116.8,227.8,0.122,30133.0,1,1,1,0,1,0.3333,0.3333,0.3333,0.6667,1.0,1.0,1.0,0.0,0.0
london,Harlesden,subdivision,48,36,27,117.45,60.95,218.875,0.1417,550920.0,6,7,9,9,16,0.0417,0.5625,0.3333,0.75,0.2222,0.2593,0.3333,0.3333,0.0
london,Harmondsworth,subdivision,5,2,4,195.7,173.275,267.025,0.0028,2826.0,0,0,0,1,4,0.0,0.8,0.8,0.4,0.0,0.0,0.0,0.25,0.0
london,Harold Hill,subdivision,2,2,1,293.95,180.975,406.925,0.011,14609.0,0,0,0,0,0,0.0,0.5,0.0,1.0,0.0,0.0,0.0,0.0,0.5
london,Harold Wood,subdivision,2,1,1,148.65,105.675,191.625,0.0,1878.0,0,0,0,0,0,0.0,0.5,0.0,0.5,0.0,0.0,0.0,0.0,0.0
london,Harringay,subdivision,38,26,23,101.9,63.875,148.6,0.1996,331114.0,4,4,5,8,6,0.0526,0.6053,0.1579,0.6842,0.1739,0.1739,0.2174,0.3478,0.0526
london,Harrow Weald,subdivision,4,2,2,61.5,60.35,122.55,0.0,416.0,0,0,0,1,0,0.0,0.5,0.0,0.5,0.0,0.0,0.0,0.5,0.0
london,Harrow on the Hill,subdivision,1,1,0,59.3,59.3,59.3,0.0,624.0,0,0,0,0,0,0.0,0.0,0.0,1.0,,,,,0.0
london,Havelock Estate,subdivision,2,1,1,66.6,33.3,99.9,0.0,0.0,0,0,0,1,0,0.0,0.5,0.0,0.5,0.0,0.0,0.0,1.0,
london,Hayes,subdivision,17,11,3,97.1,84.15,132.7,0.0777,81175.0,1,1,1,0,4,0.1176,0.1765,0.2353,0.6471,0.3333,0.3333,0.3333,0.0,0.0
london,Hendon,subdivision,14,8,11,167.7,146.3,275.2,0.0,55483.0,0,0,1,3,3,0.0,0.7857,0.2143,0.5714,0.0,0.0,0.0909,0.2727,0.0
london,Hendon Central,subdivision,20,14,14,110.25,83.525,144.775,0.0223,66970.0,3,3,4,8,13,0.0,0.7,0.65,0.7,0.2143,0.2143,0.2857,0.5714,0.1667
london,Herne Hill,subdivision,19,11,13,152.1,84.1,262.1,0.1162,142082.0,2,2,4,7,1,0.0526,0.6842,0.0526,0.5789,0.1538,0.1538,0.3077,0.5385,0.0
london,Heston,subdivision,9,3,4,81.2,48.3,120.2,0.1244,29075.0,0,0,0,4,3,0.1111,0.4444,0.3333,0.3333,0.0,0.0,0.0,1.0,0.25
london,High Barnet,subdivision,3,2,3,185.35,155.675,215.025,0.2945,51558.0,1,1,1,1,0,0.0,1.0,0.0,0.6667,0.3333,0.3333,0.3333,0.3333,0.0
london,Higham Hill,subdivision,15,10,12,103.2,59.3,171.3,0.0666,115771.0,1,4,4,3,3,0.0667,0.8,0.2,0.6667,0.0833,0.3333,0.3333,0.25,0.0
london,Highams Park,subdivision,16,10,7,86.1,74.2,137.7,0.1589,212402.0,1,2,2,3,3,0.0625,0.4375,0.1875,0.625,0.1429,0.2857,0.2857,0.4286,0.0
london,Highbury,subdivision,66,36,47,190.6,113.2,327.95,0.1179,824304.0,10,14,15,16,15,0.0909,0.7121,0.2273,0.5455,0.2128,0.2979,0.3191,0.3404,0.0571
london,Highgate,subdivision,11,5,10,121.9,0.0,288.625,0.0084,87862.0,2,2,2,6,1,0.0909,0.9091,0.0909,0.4545,0.2,0.2,0.2,0.6,0.0
london,Hillingdon,subdivision,13,8,6,124.0,61.2,208.7,0.047,46559.0,0,2,2,1,4,0.1538,0.4615,0.3077,0.6154,0.0,0.3333,0.3333,0.1667,0.25
london,Hither Green,subdivision,33,17,20,120.6,56.775,197.875,0.0303,97496.0,0,4,4,3,14,0.1515,0.6061,0.4242,0.5152,0.0,0.2,0.2,0.15,0.0
london,Holborn,subdivision,74,45,64,299.95,183.725,438.625,0.0662,1081855.0,11,16,20,29,41,0.2432,0.8649,0.5541,0.6081,0.1719,0.25,0.3125,0.4531,0.1667
london,Holloway,subdivision,59,40,39,159.05,108.625,222.175,0.1417,742815.0,13,16,20,11,19,0.0508,0.661,0.322,0.678,0.3333,0.4103,0.5128,0.2821,0.1667
london,Homerton,subdivision,57,31,41,180.8,80.1,303.3,0.0802,481071.0,4,8,15,14,15,0.0351,0.7193,0.2632,0.5439,0.0976,0.1951,0.3659,0.3415,0.0
london,Honor Oak,subdivision,13,10,6,109.35,61.425,164.125,0.14,104781.0,2,3,4,2,6,0.0,0.4615,0.4615,0.7692,0.3333,0.5,0.6667,0.3333,0.0
london,Hook,subdivision,2,2,1,98.0,78.4,117.6,0.039,5669.0,0,0,0,1,0,0.0,0.5,0.0,1.0,0.0,0.0,0.0,1.0,0.0
london,Horn Park,subdivision,2,1,2,204.25,197.425,211.075,0.0055,5394.0,0,0,0,0,1,0.0,1.0,0.5,0.5,0.0,0.0,0.0,0.0,0.0
london,Hornchurch,subdivision,2,0,2,190.8,190.8,190.8,0.0,0.0,0,0,0,1,0,0.0,1.0,0.0,0.0,0.0,0.0,0.0,0.5,
london,Hornsey,subdivision,20,9,12,155.3,92.4,189.4,0.1538,172091.0,2,4,4,5,7,0.05,0.6,0.35,0.45,0.1667,0.3333,0.3333,0.4167,0.0
london,Hounslow West,subdivision,2,2,1,126.85,87.025,166.675,0.0165,23684.0,1,1,1,0,0,0.0,0.5,0.0,1.0,1.0,1.0,1.0,0.0,0.0
london,Hoxton,subdivision,61,32,47,180.3,82.6,274.45,0.1205,657532.0,10,13,15,23,19,0.0984,0.7705,0.3115,0.5246,0.2128,0.2766,0.3191,0.4894,0.0833
london,Imperial Wharf,subdivision,4,3,3,279.2,187.5,456.05,0.1373,27518.0,0,0,0,1,1,0.0,0.75,0.25,0.75,0.0,0.0,0.0,0.3333,0.0
london,Isle of Dogs,subdivision,72,37,42,183.8,92.5,266.6,0.0671,574855.0,6,11,13,18,22,0.0417,0.5833,0.3056,0.5139,0.1429,0.2619,0.3095,0.4286,0.0333
london,Islington,subdivision,76,52,62,181.9,111.9,315.025,0.1291,1174714.0,17,21,22,25,17,0.0789,0.8158,0.2237,0.6842,0.2742,0.3387,0.3548,0.4032,0.119
london,Kenley,subdivision,4,1,0,80.05,65.875,94.225,0.028,6115.0,0,0,0,0,0,0.0,0.0,0.0,0.25,,,,,0.0
london,Kennington,subdivision,16,12,8,149.3,128.225,335.725,0.2349,475277.0,4,4,5,1,7,0.3125,0.5,0.4375,0.75,0.5,0.5,0.625,0.125,0.1818
london,Kensal Town,subdivision,40,25,33,167.1,122.075,314.225,0.1778,756479.0,9,9,10,13,20,0.25,0.825,0.5,0.625,0.2727,0.2727,0.303,0.3939,0.1111
london,Kensington,subdivision,74,47,62,273.7,191.6,385.425,0.1652,1686256.0,21,22,28,22,38,0.2162,0.8378,0.5135,0.6351,0.3387,0.3548,0.4516,0.3548,0.0938
london,Kentish Town,subdivision,65,45,44,225.5,151.25,280.625,0.148,1223971.0,15,19,21,15,22,0.1385,0.6769,0.3385,0.6923,0.3409,0.4318,0.4773,0.3409,0.0667
london,Kenton,subdivision,8,5,2,82.7,73.0,164.7,0.0022,4896.0,0,0,0,1,4,0.0,0.25,0.5,0.625,0.0,0.0,0.0,0.5,0.0
london,Kew,subdivision,7,6,2,145.6,91.75,189.325,0.0518,97617.0,1,1,1,0,1,0.0,0.2857,0.1429,0.8571,0.5,0.5,0.5,0.0,0.0
london,Kidbrooke,subdivision,11,6,7,152.7,123.8,266.6,0.0604,97887.0,2,3,4,2,3,0.0,0.6364,0.2727,0.5455,0.2857,0.4286,0.5714,0.2857,0.0
london,Kilburn,subdivision,35,20,27,158.3,111.275,251.35,0.0156,63976.0,1,1,3,16,14,0.2,0.7714,0.4,0.5714,0.037,0.037,0.1111,0.5926,0.0
london,King's Cross,subdivision,85,60,44,184.3,111.9,258.45,0.1693,1132891.0,9,15,19,18,51,0.2706,0.5176,0.6,0.7059,0.2045,0.3409,0.4318,0.4091,0.2093
london,Kingston Vale,subdivision,3,0,3,0.0,0.0,0.0,0.0,0.0,0,0,0,3,1,0.3333,1.0,0.3333,0.0,0.0,0.0,0.0,1.0,
london,Knightsbridge,subdivision,20,12,19,730.6,541.4,974.5,0.1393,998587.0,4,6,8,7,9,0.1,0.95,0.45,0.6,0.2105,0.3158,0.4211,0.3684,0.1818
london,Ladywell,subdivision,20,15,15,150.5,93.5,238.3,0.1176,345914.0,4,6,8,3,6,0.15,0.75,0.3,0.75,0.2667,0.4,0.5333,0.2,0.0833
london,Lambeth,subdivision,20,14,10,282.3,113.725,377.1,0.2999,343506.0,4,4,4,3,10,0.15,0.5,0.5,0.7,0.4,0.4,0.4,0.3,0.1
london,Lessness Heath,subdivision,1,0,1,155.6,155.6,155.6,0.0,0.0,0,0,0,0,1,0.0,1.0,1.0,0.0,0.0,0.0,0.0,0.0,0.0
london,Leyton,subdivision,62,43,37,127.75,64.025,186.9,0.0884,471838.0,10,12,13,9,14,0.0161,0.5968,0.2258,0.6935,0.2703,0.3243,0.3514,0.2432,0.0
london,Leytonstone,subdivision,46,25,30,139.2,84.1,200.3,0.1436,406562.0,9,10,11,13,8,0.0652,0.6522,0.1739,0.5435,0.3,0.3333,0.3667,0.4333,0.0
london,Lilestone Estate,subdivision,7,6,6,340.05,239.1,402.15,0.4352,375368.0,4,4,4,1,5,0.1429,0.8571,0.7143,0.8571,0.6667,0.6667,0.6667,0.1667,0.2
london,Limehouse,subdivision,45,28,22,149.05,96.175,227.075,0.1315,429503.0,5,7,8,10,17,0.0667,0.4889,0.3778,0.6222,0.2273,0.3182,0.3636,0.4545,0.0588
london,Lisson Green Estate,subdivision,2,1,1,144.0,144.0,144.0,0.011,1006.0,0,0,0,1,0,0.0,0.5,0.0,0.5,0.0,0.0,0.0,1.0,1.0
london,Little Heath,subdivision,2,1,2,139.0,139.0,139.0,0.0,0.0,0,0,0,1,0,0.0,1.0,0.0,0.5,0.0,0.0,0.0,0.5,
london,Little Ilford,subdivision,3,1,3,109.7,109.7,109.7,0.0,571.0,0,0,0,2,0,0.0,1.0,0.0,0.3333,0.0,0.0,0.0,0.6667,0.0
london,London Borough of Barking and Dagenham,neighborhood,15,11,10,172.6,115.975,246.35,0.0714,96070.0,2,3,4,3,4,0.0667,0.6667,0.2667,0.7333,0.2,0.3,0.4,0.3,0.0
london,London Borough of Barnet,neighborhood,7,4,5,96.0,82.4,229.2,0.0,25795.0,0,1,1,2,1,0.1429,0.7143,0.1429,0.5714,0.0,0.2,0.2,0.4,0.0
london,London Borough of Bexley,neighborhood,8,6,5,98.5,68.7,167.0,0.0556,65623.0,2,2,2,1,0,0.0,0.625,0.0,0.75,0.4,0.4,0.4,0.2,0.0
london,London Borough of Brent,neighborhood,59,40,30,152.55,84.575,213.45,0.108,468703.0,5,7,11,16,24,0.2712,0.5085,0.4068,0.678,0.1667,0.2333,0.3667,0.5333,0.1154
london,London Borough of Bromley,neighborhood,4,4,1,82.1,62.9,120.475,0.0418,10109.0,0,0,0,0,0,0.0,0.25,0.0,1.0,0.0,0.0,0.0,0.0,0.0
london,London Borough of Camden,neighborhood,9,7,7,344.85,195.175,497.225,0.2945,197878.0,3,3,5,1,3,0.0,0.7778,0.3333,0.7778,0.4286,0.4286,0.7143,0.1429,0.0
london,London Borough of Croydon,neighborhood,16,12,4,87.95,68.7,101.825,0.125,104633.0,3,3,3,1,1,0.0,0.25,0.0625,0.75,0.75,0.75,0.75,0.25,0.0
london,London Borough of Ealing,neighborhood,117,72,71,132.8,87.975,196.4,0.1424,939411.0,17,20,24,25,28,0.0256,0.6068,0.2393,0.6154,0.2394,0.2817,0.338,0.3521,0.0
london,London Borough of Enfield,neighborhood,8,7,7,206.2,108.2,218.9,0.1461,52533.0,1,1,3,2,3,0.25,0.875,0.375,0.875,0.1429,0.1429,0.4286,0.2857,0.0
london,London Borough of Hackney,neighborhood,4,2,3,199.25,161.425,223.825,0.1082,70452.0,1,1,2,0,2,0.0,0.75,0.5,0.5,0.3333,0.3333,0.6667,0.0,0.3333
london,London Borough of Hammersmith and Fulham,neighborhood,11,6,7,148.25,96.625,185.7,0.0427,53840.0,1,2,3,4,5,0.0,0.6364,0.4545,0.5455,0.1429,0.2857,0.4286,0.5714,0.0
london,London Borough of Haringey,neighborhood,11,6,10,145.4,116.35,175.125,0.2297,108115.0,3,3,3,4,3,0.0909,0.9091,0.2727,0.5455,0.3,0.3,0.3,0.4,0.0
london,London Borough of Harrow,neighborhood,7,6,4,242.3,114.725,476.675,0.1092,122552.0,1,1,2,1,1,0.0,0.5714,0.1429,0.8571,0.25,0.25,0.5,0.25,0.25
london,London Borough of Havering,neighborhood,3,2,1,48.8,24.4,54.3,0.1963,13376.0,0,0,0,0,0,0.0,0.3333,0.0,0.6667,0.0,0.0,0.0,0.0,0.0
london,London Borough of Hillingdon,neighborhood,21,14,10,106.6,60.35,133.2,0.083,105071.0,1,2,3,4,2,0.0,0.4762,0.0952,0.6667,0.1,0.2,0.3,0.4,0.0
london,London Borough of Hounslow,neighborhood,64,35,46,128.75,97.025,241.375,0.0465,422173.0,6,8,11,24,23,0.1406,0.7188,0.3594,0.5469,0.1304,0.1739,0.2391,0.5217,0.1111
london,London Borough of Islington,neighborhood,1,1,1,213.5,213.5,213.5,0.0,0.0,0,0,0,0,1,0.0,1.0,1.0,1.0,0.0,0.0,0.0,0.0,
london,London Borough of Lambeth,neighborhood,15,12,8,145.95,98.0,199.025,0.2352,218691.0,4,4,5,2,6,0.1333,0.5333,0.4,0.8,0.5,0.5,0.625,0.25,0.0
london,London Borough of Lewisham,neighborhood,10,7,7,145.2,112.5,196.85,0.1063,51413.0,1,1,1,2,1,0.1,0.7,0.1,0.7,0.1429,0.1429,0.1429,0.2857,0.0
london,London Borough of Merton,neighborhood,5,3,3,184.9,137.575,237.775,0.0055,1635.0,0,0,0,2,0,0.0,0.6,0.0,0.6,0.0,0.0,0.0,0.6667,0.0
london,London Borough of Newham,neighborhood,3,2,2,138.95,117.325,160.575,0.0,0.0,0,0,0,1,0,0.0,0.6667,0.0,0.6667,0.0,0.0,0.0,0.5,
london,London Borough of Redbridge,neighborhood,12,6,6,130.4,109.725,170.125,0.1333,35987.0,0,0,0,6,3,0.0833,0.5,0.25,0.5,0.0,0.0,0.0,1.0,0.3333
london,London Borough of Richmond upon Thames,neighborhood,18,8,12,169.0,116.15,491.6,0.0747,188874.0,0,2,5,4,3,0.0556,0.6667,0.1667,0.4444,0.0,0.1667,0.4167,0.3333,0.0
london,London Borough of Southwark,neighborhood,8,6,5,70.8,67.55,209.95,0.1319,54586.0,1,2,2,2,3,0.25,0.625,0.375,0.75,0.2,0.4,0.4,0.4,0.0
london,London Borough of Sutton,neighborhood,6,5,4,115.2,113.775,117.45,0.2593,84565.0,4,4,4,0,4,0.1667,0.6667,0.6667,0.8333,1.0,1.0,1.0,0.0,0.0
london,London Borough of Tower Hamlets,neighborhood,3,2,3,128.9,64.45,172.1,0.1,40681.0,2,2,2,1,0,0.0,1.0,0.0,0.6667,0.6667,0.6667,0.6667,0.3333,0.0
london,London Borough of Waltham Forest,neighborhood,20,6,8,89.6,14.3,144.8,0.07,110058.0,2,2,3,3,1,0.0,0.4,0.05,0.3,0.25,0.25,0.375,0.375,0.0
london,London Borough of Wandsworth,neighborhood,36,18,34,288.7,179.95,435.0,0.0179,354939.0,7,7,7,16,11,0.0833,0.9444,0.3056,0.5,0.2059,0.2059,0.2059,0.4706,0.0625
london,Longlands,subdivision,3,1,1,80.8,80.8,80.8,0.0,394.0,0,0,0,1,0,0.0,0.3333,0.0,0.3333,0.0,0.0,0.0,1.0,
london,Loughborough Junction,subdivision,30,16,18,99.7,47.0,200.9,0.1084,175666.0,2,2,3,8,7,0.0667,0.6,0.2333,0.5333,0.1111,0.1111,0.1667,0.4444,0.0
london,Lower Belvedere,subdivision,5,3,2,132.1,103.65,161.3,0.0,1972.0,0,0,0,0,0,0.0,0.4,0.0,0.6,0.0,0.0,0.0,0.0,0.0
london,Lower Edmonton,subdivision,2,1,2,212.7,212.7,212.7,0.056,17157.0,0,1,1,1,2,0.5,1.0,1.0,0.5,0.0,0.5,0.5,0.5,0.0
london,Lower Morden,subdivision,1,1,0,71.5,71.5,71.5,0.1,4714.0,0,0,0,0,0,0.0,0.0,0.0,1.0,,,,,0.0
london,Loxford,subdivision,1,1,0,21.1,21.1,21.1,0.0,0.0,0,0,0,0,0,0.0,0.0,0.0,1.0,,,,,
london,Lydford Estate,subdivision,1,1,1,139.2,139.2,139.2,0.044,21360.0,1,1,1,0,1,0.0,1.0,1.0,1.0,1.0,1.0,1.0,0.0,0.0
london,Maida Hill,subdivision,6,5,5,226.5,172.0,319.6,0.1244,141450.0,2,2,2,2,2,0.1667,0.8333,0.3333,0.8333,0.4,0.4,0.4,0.4,0.25
london,Maida Vale,subdivision,16,11,11,199.2,69.825,268.075,0.0325,102577.0,2,2,3,3,4,0.0,0.6875,0.25,0.6875,0.1818,0.1818,0.2727,0.2727,0.1667
london,Malden Rushett,subdivision,1,1,1,127.8,127.8,127.8,0.5,29578.0,1,1,1,0,0,0.0,1.0,0.0,1.0,1.0,1.0,1.0,0.0,0.0
london,Manor House,subdivision,1,1,1,124.5,124.5,124.5,0.0,7976.0,0,0,1,0,0,0.0,1.0,0.0,1.0,0.0,0.0,1.0,0.0,
london,Manor Park,subdivision,8,4,2,62.2,61.825,125.95,0.1907,30355.0,0,0,0,0,4,0.0,0.25,0.5,0.5,0.0,0.0,0.0,0.0,0.0
london,Mapesbury,subdivision,2,2,1,162.95,111.675,214.225,0.3055,45997.0,1,1,1,0,1,0.0,0.5,0.5,1.0,1.0,1.0,1.0,0.0,0.0
london,Marine Wharf,subdivision,4,3,3,181.5,155.95,184.3,0.0,27705.0,1,1,1,1,0,0.0,0.75,0.0,0.75,0.3333,0.3333,0.3333,0.3333,0.0
london,Marks Gate,subdivision,2,0,0,96.3,96.3,96.3,0.0,0.0,0,0,0,0,0,0.0,0.0,0.0,0.0,,,,,0.0
london,Maryland,subdivision,26,19,9,96.55,72.25,201.45,0.1262,212251.0,1,1,1,4,11,0.0385,0.3462,0.4231,0.7308,0.1111,0.1111,0.1111,0.4444,0.0
london,Marylebone,neighborhood,178,111,153,273.45,160.025,510.875,0.1118,2895923.0,35,38,48,69,112,0.191,0.8596,0.6292,0.6236,0.2288,0.2484,0.3137,0.451,0.1639
london,Mayfair,neighborhood,33,22,31,662.8,419.5,877.0,0.1026,1640774.0,10,11,11,13,24,0.303,0.9394,0.7273,0.6667,0.3226,0.3548,0.3548,0.4194,0.3333
london,Meridian Estate,subdivision,1,1,0,66.4,66.4,66.4,0.0,1069.0,0,0,0,0,0,0.0,0.0,0.0,1.0,,,,,
london,Merton,subdivision,29,18,18,208.3,119.25,287.8,0.0573,227923.0,4,4,6,7,6,0.0345,0.6207,0.2069,0.6207,0.2222,0.2222,0.3333,0.3889,0.0
london,Merton Park,subdivision,14,12,8,171.9,96.9,273.8,0.0444,107370.0,0,2,3,2,3,0.0,0.5714,0.2143,0.8571,0.0,0.25,0.375,0.25,0.2222
london,Middle Park,subdivision,3,1,0,50.15,47.325,52.975,0.2555,7952.0,0,0,0,0,0,0.0,0.0,0.0,0.3333,,,,,0.0
london,Mile End,subdivision,35,17,24,169.05,98.65,303.325,0.196,419695.0,7,9,11,12,10,0.2,0.6857,0.2857,0.4857,0.2917,0.375,0.4583,0.5,0.0667
london,Mill Hill,subdivision,10,7,5,80.9,65.625,162.75,0.0624,43301.0,1,1,2,2,1,0.1,0.5,0.1,0.7,0.2,0.2,0.4,0.4,0.0
london,Millbank,neighborhood,11,6,9,271.8,232.8,366.6,0.0286,43316.0,1,1,1,3,4,0.2727,0.8182,0.3636,0.5455,0.1111,0.1111,0.1111,0.3333,0.0
london,Millbank Estate,subdivision,5,2,5,233.8,194.6,258.1,0.0,13723.0,0,1,1,3,2,0.0,1.0,0.4,0.4,0.0,0.2,0.2,0.6,0.0
london,Millennium Quay,subdivision,2,0,1,0.0,0.0,0.0,0.0,0.0,0,0,0,0,0,0.0,0.5,0.0,0.0,0.0,0.0,0.0,0.0,0.0
london,Mitcham,subdivision,11,8,7,96.6,90.7,139.25,0.0855,40253.0,1,1,3,1,1,0.0,0.6364,0.0909,0.7273,0.1429,0.1429,0.4286,0.1429,0.2
london,Monks Park,subdivision,1,1,1,139.9,139.9,139.9,0.0,0.0,0,0,0,0,0,0.0,1.0,0.0,1.0,0.0,0.0,0.0,0.0,
london,Morden,subdivision,6,4,2,134.65,48.775,218.525,0.0778,68659.0,2,2,2,0,0,0.0,0.3333,0.0,0.6667,1.0,1.0,1.0,0.0,0.0
london,Mortlake,subdivision,10,6,8,198.2,145.3,286.5,0.0983,139276.0,2,2,3,2,0,0.0,0.8,0.0,0.6,0.25,0.25,0.375,0.25,0.0
london,Motspur Park,subdivision,2,1,0,32.85,16.425,49.275,0.1,9739.0,0,0,0,0,0,0.0,0.0,0.0,0.5,,,,,0.0
london,Mottingham,subdivision,1,1,1,276.7,276.7,276.7,0.167,12391.0,0,0,1,0,1,0.0,1.0,1.0,1.0,0.0,0.0,1.0,0.0,0.0
london,Mozart Estate,subdivision,1,0,0,,,,,0.0,0,0,0,0,0,0.0,0.0,0.0,0.0,,,,,
london,Muswell Hill,subdivision,19,13,13,135.25,86.575,185.2,0.1737,158840.0,3,4,4,6,2,0.0526,0.6842,0.1053,0.6842,0.2308,0.3077,0.3077,0.4615,0.0
london,New Barnet,subdivision,4,1,4,46.6,23.3,69.9,0.0,0.0,0,0,0,4,1,0.25,1.0,0.25,0.25,0.0,0.0,0.0,1.0,
london,New Beckenham,subdivision,7,5,4,101.95,45.375,172.625,0.124,46079.0,1,2,2,0,0,0.0,0.5714,0.0,0.7143,0.25,0.5,0.5,0.0,0.0
london,New Capital Quay,subdivision,3,3,1,87.1,86.85,144.7,0.0,25704.0,0,1,1,0,2,0.0,0.3333,0.6667,1.0,0.0,1.0,1.0,0.0,0.0
london,New Cross,subdivision,26,14,15,96.05,55.25,180.8,0.0994,126147.0,3,3,3,8,2,0.0385,0.5769,0.0769,0.5385,0.2,0.2,0.2,0.5333,0.0
london,New Cross Gate,subdivision,28,20,18,128.6,83.3,192.4,0.0915,214277.0,2,2,4,5,8,0.1429,0.6429,0.2857,0.7143,0.1111,0.1111,0.2222,0.2778,0.0
london,New Malden,subdivision,5,4,2,77.1,72.95,128.85,0.0335,9336.0,0,0,0,1,3,0.0,0.4,0.6,0.8,0.0,0.0,0.0,0.5,0.0
london,New Southgate,subdivision,6,5,1,64.6,58.5,159.5,0.2244,26398.0,0,0,0,1,0,0.0,0.1667,0.0,0.8333,0.0,0.0,0.0,1.0,0.0
london,Newbury Park,subdivision,6,2,2,105.7,93.55,112.2,0.0,959.0,0,0,0,1,1,0.0,0.3333,0.1667,0.3333,0.0,0.0,0.0,0.5,0.0
london,Nine Elms,subdivision,23,13,16,187.6,130.9,401.2,0.0071,74715.0,1,1,1,11,6,0.1304,0.6957,0.2609,0.5652,0.0625,0.0625,0.0625,0.6875,0.2
london,Norbiton,subdivision,23,13,15,150.25,96.125,209.425,0.0604,194929.0,2,4,5,8,4,0.0435,0.6522,0.1739,0.5652,0.1333,0.2667,0.3333,0.5333,0.0909
london,Norbury,subdivision,6,4,3,152.1,90.925,235.5,0.0,7257.0,0,1,1,1,0,0.0,0.5,0.0,0.6667,0.0,0.3333,0.3333,0.3333,0.0
london,North Cricklewood,subdivision,24,13,15,107.25,66.775,188.0,0.0617,106226.0,2,2,3,8,9,0.1667,0.625,0.375,0.5417,0.1333,0.1333,0.2,0.5333,0.0
london,North End,subdivision,6,3,4,205.6,151.45,222.65,0.011,6064.0,0,0,1,2,0,0.0,0.6667,0.0,0.5,0.0,0.0,0.25,0.5,0.0
london,North Finchley,subdivision,10,5,6,151.4,90.7,184.45,0.0857,59116.0,0,2,4,2,5,0.1,0.6,0.5,0.5,0.0,0.3333,0.6667,0.3333,0.0
london,North Greenford,subdivision,2,1,1,48.3,48.3,48.3,0.778,13982.0,0,0,0,1,1,0.0,0.5,0.5,0.5,0.0,0.0,0.0,1.0,0.0
london,North Kensington,subdivision,104,63,82,200.4,125.35,290.35,0.1291,2043307.0,26,27,33,32,30,0.1635,0.7885,0.2885,0.6058,0.3171,0.3293,0.4024,0.3902,0.0769
london,North Sheen,subdivision,22,13,20,185.15,126.275,258.325,0.0722,188516.0,3,5,7,6,9,0.1364,0.9091,0.4091,0.5909,0.15,0.25,0.35,0.3,0.1667
london,North Tokyngton,subdivision,1,1,0,113.2,113.2,113.2,0.089,9154.0,0,0,0,0,0,0.0,0.0,0.0,1.0,,,,,0.0
london,North Woolwich,subdivision,5,3,3,115.5,69.45,161.25,0.064,42658.0,1,1,1,2,0,0.0,0.6,0.0,0.6,0.3333,0.3333,0.3333,0.6667,0.0
london,Northumberland Heath,subdivision,13,8,3,66.3,50.2,77.9,0.0444,32187.0,1,1,1,2,5,0.0,0.2308,0.3846,0.6154,0.3333,0.3333,0.3333,0.6667,0.0
london,Northwood,subdivision,6,4,4,153.6,50.6,217.9,0.031,113779.0,1,2,2,0,1,0.1667,0.6667,0.1667,0.6667,0.25,0.5,0.5,0.0,0.0
london,Notting Hill,subdivision,119,72,106,234.1,173.95,438.45,0.1605,2678450.0,21,32,36,39,64,0.3697,0.8908,0.5378,0.605,0.1981,0.3019,0.3396,0.3679,0.1837
london,Nunhead,subdivision,19,12,10,105.8,57.65,210.3,0.0481,178979.0,2,2,2,4,3,0.0,0.5263,0.1579,0.6316,0.2,0.2,0.2,0.4,0.0
london,Old Kent Road,subdivision,48,31,35,193.9,131.15,276.8,0.0685,491390.0,10,13,13,9,12,0.0833,0.7292,0.25,0.6458,0.2857,0.3714,0.3714,0.2571,0.0833
london,Old Malden,subdivision,2,1,1,118.45,85.525,151.375,0.0,7777.0,0,0,1,0,0,0.0,0.5,0.0,0.5,0.0,0.0,1.0,0.0,0.0
london,Osterley,subdivision,6,4,3,90.4,49.875,144.475,0.1195,56507.0,1,1,1,2,0,0.0,0.5,0.0,0.6667,0.3333,0.3333,0.3333,0.6667,0.0
london,Oval,subdivision,44,28,24,149.05,84.725,251.925,0.2216,616605.0,6,9,9,9,11,0.0909,0.5455,0.25,0.6364,0.25,0.375,0.375,0.375,0.0
london,Paddington,neighborhood,152,106,128,301.5,215.8,492.5,0.1669,4428677.0,42,51,58,54,79,0.2895,0.8421,0.5197,0.6974,0.3281,0.3984,0.4531,0.4219,0.1538
london,Paddington Central,subdivision,1,1,1,555.3,555.3,555.3,0.0,4770.0,0,0,0,1,1,1.0,1.0,1.0,1.0,0.0,0.0,0.0,1.0,
london,Palmers Green,subdivision,6,5,3,80.4,76.8,186.5,0.2044,45748.0,0,0,2,0,0,0.0,0.5,0.0,0.8333,0.0,0.0,0.6667,0.0,0.0
london,Park Langley,subdivision,1,1,0,112.6,112.6,112.6,0.0,862.0,0,0,0,0,0,0.0,0.0,0.0,1.0,,,,,0.0
london,Park Royal,subdivision,29,23,20,117.8,88.7,214.1,0.0652,295269.0,3,3,7,8,15,0.4138,0.6897,0.5172,0.7931,0.15,0.15,0.35,0.4,0.1667
london,Patmore Estate,subdivision,1,1,0,230.1,230.1,230.1,0.0,0.0,0,0,0,0,0,0.0,0.0,0.0,1.0,,,,,
london,Peckham,subdivision,30,17,19,120.4,80.65,172.925,0.0556,153020.0,4,4,6,7,2,0.0,0.6333,0.0667,0.5667,0.2105,0.2105,0.3158,0.3684,0.0
london,Penge,subdivision,10,6,8,155.55,37.2,199.925,0.0556,75814.0,2,2,4,1,0,0.0,0.8,0.0,0.6,0.25,0.25,0.5,0.125,0.0
london,Perivale,subdivision,12,9,5,80.15,71.6,110.325,0.1056,78852.0,1,1,1,2,3,0.1667,0.4167,0.25,0.75,0.2,0.2,0.2,0.4,0.1429
london,Perry Vale,subdivision,16,6,7,105.0,61.65,179.2,0.0714,26122.0,0,0,0,6,0,0.0,0.4375,0.0,0.375,0.0,0.0,0.0,0.8571,0.0
london,Petersham,subdivision,4,3,2,173.85,164.675,222.1,0.1417,23554.0,1,1,1,0,1,0.0,0.5,0.25,0.75,0.5,0.5,0.5,0.0,0.3333
london,Petts Wood,subdivision,2,1,1,79.1,79.1,79.1,0.489,19803.0,0,0,0,1,0,0.0,0.5,0.0,0.5,0.0,0.0,0.0,1.0,0.0
london,Pimlico,neighborhood,67,42,48,249.95,136.5,417.05,0.2507,1563586.0,19,20,20,20,25,0.0746,0.7164,0.3731,0.6269,0.3958,0.4167,0.4167,0.4167,0.1724
london,Pinner,subdivision,2,1,2,122.2,122.2,122.2,0.2,16664.0,1,1,1,1,0,0.0,1.0,0.0,0.5,0.5,0.5,0.5,0.5,0.0
london,Plaistow,subdivision,19,8,9,75.0,49.75,143.8,0.1323,106437.0,2,2,2,5,4,0.0,0.4737,0.2105,0.4211,0.2222,0.2222,0.2222,0.5556,0.0
london,Plashet,subdivision,5,3,2,123.9,99.9,187.05,0.0853,11746.0,0,0,0,0,1,0.0,0.4,0.2,0.6,0.0,0.0,0.0,0.0,0.0
london,Plumstead,subdivision,19,16,15,150.65,74.325,218.925,0.0111,58255.0,1,2,4,5,7,0.1053,0.7895,0.3684,0.8421,0.0667,0.1333,0.2667,0.3333,0.0
london,Pollards Hill,subdivision,12,5,5,138.9,35.3,156.05,0.0366,32381.0,1,2,2,3,2,0.0,0.4167,0.1667,0.4167,0.2,0.4,0.4,0.6,0.0
london,Ponders End,subdivision,8,4,4,82.3,56.95,90.025,0.0167,33637.0,2,2,2,0,3,0.0,0.5,0.375,0.5,0.5,0.5,0.5,0.0,0.0
london,Poplar,subdivision,43,28,27,156.35,84.6,237.825,0.1142,562767.0,11,12,14,7,7,0.0465,0.6279,0.1628,0.6512,0.4074,0.4444,0.5185,0.2593,0.0
london,Preston,subdivision,20,14,10,104.0,84.7,174.25,0.1703,162320.0,4,4,4,4,6,0.05,0.5,0.3,0.7,0.4,0.4,0.4,0.4,0.0
london,Purley,subdivision,13,11,9,142.75,134.5,208.0,0.1408,120142.0,3,4,6,1,5,0.0,0.6923,0.3846,0.8462,0.3333,0.4444,0.6667,0.1111,0.0
london,Putney,subdivision,45,25,33,205.75,106.9,314.325,0.0881,529657.0,5,6,9,16,14,0.1556,0.7333,0.3111,0.5556,0.1515,0.1818,0.2727,0.4848,0.0
london,Queen's Park,subdivision,64,38,43,171.7,90.25,277.85,0.1047,616439.0,7,8,12,17,25,0.0781,0.6719,0.3906,0.5938,0.1628,0.186,0.2791,0.3953,0.1212
london,Queensbury,subdivision,1,1,0,104.6,104.6,104.6,0.367,21662.0,0,0,0,0,1,0.0,0.0,1.0,1.0,,,,,1.0
london,Rainham,subdivision,1,0,1,,,,,0.0,0,0,0,1,0,0.0,1.0,0.0,0.0,0.0,0.0,0.0,1.0,
london,Ramsden,subdivision,1,0,0,,,,,0.0,0,0,0,0,0,0.0,0.0,0.0,0.0,,,,,
london,Rayners Lane,subdivision,16,10,11,117.4,99.05,169.25,0.1264,107029.0,1,2,2,7,6,0.3125,0.6875,0.375,0.625,0.0909,0.1818,0.1818,0.6364,0.0
london,Raynes Park,subdivision,17,11,13,217.9,142.375,324.475,0.1408,219297.0,3,4,7,5,1,0.0,0.7647,0.0588,0.6471,0.2308,0.3077,0.5385,0.3846,0.0
london,Rectory Hartlands,subdivision,1,1,0,48.6,48.6,48.6,0.078,5028.0,0,0,0,0,0,0.0,0.0,0.0,1.0,,,,,0.0
london,Redbridge,subdivision,8,6,4,96.15,71.325,149.275,0.1194,103775.0,2,2,2,1,7,0.125,0.5,0.875,0.75,0.5,0.5,0.5,0.25,0.0
london,Roding Riverside,subdivision,7,4,6,191.25,147.7,191.975,0.026,14232.0,0,0,1,2,3,0.1429,0.8571,0.4286,0.5714,0.0,0.0,0.1667,0.3333,0.0
london,Roehampton,subdivision,22,12,6,78.25,56.5,118.275,0.0571,41994.0,0,0,0,5,4,0.0455,0.2727,0.1818,0.5455,0.0,0.0,0.0,0.8333,0.0
london,Rosehill,subdivision,1,1,0,61.5,61.5,61.5,0.0,1219.0,0,0,0,0,0,0.0,0.0,0.0,1.0,,,,,0.0
london,Rotherhithe,subdivision,48,29,30,161.8,62.1,247.6,0.1393,540225.0,7,8,10,11,11,0.0625,0.625,0.2292,0.6042,0.2333,0.2667,0.3333,0.3667,0.0
london,Roundshaw,subdivision,2,1,1,119.2,119.2,119.2,0.0,0.0,0,0,0,0,0,0.0,0.5,0.0,0.5,0.0,0.0,0.0,0.0,
london,Royal Arsenal Riverside,subdivision,9,4,9,151.5,124.575,227.775,0.0927,43855.0,1,1,1,4,0,0.0,1.0,0.0,0.4444,0.1111,0.1111,0.1111,0.4444,0.0
london,Royal Borough of Greenwich,neighborhood,17,5,11,49.95,0.0,111.65,0.0745,96229.0,2,3,3,7,4,0.0588,0.6471,0.2353,0.2941,0.1818,0.2727,0.2727,0.6364,0.0
london,Royal Borough of Kensington and Chelsea,neighborhood,2,0,1,0.0,0.0,0.0,0.0,0.0,0,0,0,1,0,0.0,0.5,0.0,0.0,0.0,0.0,0.0,1.0,0.0
london,Royal Borough of Kingston upon Thames,neighborhood,4,4,3,92.15,76.1,112.975,0.0,17857.0,0,0,1,0,3,0.25,0.75,0.75,1.0,0.0,0.0,0.3333,0.0,0.0
london,Rush Green,subdivision,6,6,5,155.55,150.35,171.325,0.0667,51704.0,1,2,2,0,3,0.1667,0.8333,0.5,1.0,0.2,0.4,0.4,0.0,0.0
london,Saint Pancras,subdivision,5,5,4,454.7,265.7,463.0,0.0978,177020.0,2,3,4,0,4,0.6,0.8,0.8,1.0,0.5,0.75,1.0,0.0,0.25
london,Sanderstead,subdivision,3,0,0,42.35,21.175,63.525,0.0,0.0,0,0,0,0,0,0.0,0.0,0.0,0.0,,,,,0.0
london,Sands End,subdivision,9,2,7,140.4,122.35,158.45,0.0,8263.0,0,0,1,6,2,0.2222,0.7778,0.2222,0.2222,0.0,0.0,0.1429,0.8571,0.0
london,Scotch Estate,subdivision,5,4,3,113.2,94.225,149.6,0.0832,22552.0,0,0,1,1,0,0.0,0.6,0.0,0.8,0.0,0.0,0.3333,0.3333,0.0
london,Scrattons Farm,subdivision,4,4,1,65.4,55.125,85.45,0.0332,23087.0,0,0,0,0,0,0.0,0.25,0.0,1.0,0.0,0.0,0.0,0.0,0.0
london,Selhurst,subdivision,18,10,11,117.1,90.15,194.5,0.1929,109490.0,2,2,3,4,5,0.0,0.6111,0.2778,0.5556,0.1818,0.1818,0.2727,0.3636,0.0
london,Selsdon,subdivision,1,0,0,55.5,55.5,55.5,0.0,0.0,0,0,0,0,0,0.0,0.0,0.0,0.0,,,,,0.0
london,Seven Kings,subdivision,13,6,5,85.2,45.3,182.6,0.0432,26717.0,0,0,0,2,0,0.0,0.3846,0.0,0.4615,0.0,0.0,0.0,0.4,0.0
london,Seven Sisters,subdivision,1,0,0,0.0,0.0,0.0,0.0,0.0,0,0,0,0,0,0.0,0.0,0.0,0.0,,,,,0.0
london,Shacklewell,subdivision,53,32,38,170.75,105.725,233.325,0.0962,627826.0,11,16,16,11,5,0.0,0.717,0.0943,0.6038,0.2895,0.4211,0.4211,0.2895,0.0625
london,Shadwell,subdivision,22,17,12,181.2,80.2,268.7,0.2144,287574.0,4,5,6,5,10,0.1818,0.5455,0.4545,0.7727,0.3333,0.4167,0.5,0.4167,0.0
london,Shepherd's Bush,subdivision,87,54,67,197.65,125.825,287.225,0.1346,1284038.0,16,24,29,28,27,0.1609,0.7701,0.3103,0.6207,0.2388,0.3582,0.4328,0.4179,0.2105
london,Shepherd's Hill,subdivision,1,1,1,120.8,120.8,120.8,0.022,8487.0,0,1,1,0,0,0.0,1.0,0.0,1.0,0.0,1.0,1.0,0.0,
london,Shirley,subdivision,1,0,1,,,,,0.0,0,0,0,1,0,0.0,1.0,0.0,0.0,0.0,0.0,0.0,1.0,
london,Shooters Hill,subdivision,7,3,2,136.7,98.25,311.85,0.2557,160900.0,0,0,0,1,0,0.0,0.2857,0.0,0.4286,0.0,0.0,0.0,0.5,0.0
london,Shoreditch,subdivision,63,43,54,227.2,127.7,302.0,0.2168,1394400.0,23,26,29,16,27,0.2222,0.8571,0.4286,0.6825,0.4259,0.4815,0.537,0.2963,0.0294
london,Shortlands,subdivision,1,1,1,153.8,153.8,153.8,0.522,39781.0,1,1,1,0,0,0.0,1.0,0.0,1.0,1.0,1.0,1.0,0.0,0.0
london,Silvertown,subdivision,37,26,25,207.55,103.95,248.5,0.0382,367089.0,3,5,7,7,11,0.027,0.6757,0.2973,0.7027,0.12,0.2,0.28,0.28,0.1538
london,Slade Green,subdivision,1,1,0,51.3,51.3,51.3,0.0,0.0,0,0,0,0,0,0.0,0.0,0.0,1.0,,,,,0.0
london,Snaresbrook,subdivision,6,4,6,240.1,139.5,283.5,0.0556,67415.0,2,2,2,2,0,0.0,1.0,0.0,0.6667,0.3333,0.3333,0.3333,0.3333,0.0
london,Somers Town,subdivision,35,26,23,177.65,97.35,397.825,0.2365,858734.0,8,10,11,10,18,0.1143,0.6571,0.5143,0.7429,0.3478,0.4348,0.4783,0.4348,0.0714
london,South Hampstead,subdivision,36,26,25,148.6,105.4,281.2,0.0797,323391.0,6,6,7,14,16,0.2778,0.6944,0.4444,0.7222,0.24,0.24,0.28,0.56,0.1111
london,South Hornchurch,subdivision,2,1,1,171.7,132.85,210.55,0.0,3854.0,0,0,0,0,0,0.0,0.5,0.0,0.5,0.0,0.0,0.0,0.0,0.0
london,South Kensington,subdivision,87,51,76,409.9,263.3,565.4,0.1451,2482083.0,15,18,26,26,53,0.2874,0.8736,0.6092,0.5862,0.1974,0.2368,0.3421,0.3421,0.2826
london,South Norwood,subdivision,13,9,6,65.85,43.275,105.35,0.1482,124756.0,1,2,3,2,0,0.0,0.4615,0.0,0.6923,0.1667,0.3333,0.5,0.3333,0.0
london,South Stanmore,subdivision,3,1,0,48.0,48.0,48.0,0.122,1275.0,0,0,0,0,0,0.0,0.0,0.0,0.3333,,,,,0.0
london,South Tottenham,subdivision,1,0,1,109.1,109.1,109.1,0.0,0.0,0,0,0,0,0,0.0,1.0,0.0,0.0,0.0,0.0,0.0,0.0,0.0
london,South Woodford,subdivision,4,2,1,47.5,43.7,143.0,0.0037,23808.0,0,1,1,0,0,0.0,0.25,0.0,0.5,0.0,1.0,1.0,0.0,0.0
london,Southall Green,subdivision,2,1,1,52.1,52.1,52.1,0.0,0.0,0,0,0,1,1,0.0,0.5,0.5,0.5,0.0,0.0,0.0,1.0,0.0
london,Southbury,subdivision,8,4,2,64.3,28.45,74.25,0.0524,21362.0,0,0,0,1,3,0.125,0.25,0.375,0.5,0.0,0.0,0.0,0.5,0.0
london,Southend,subdivision,7,6,1,66.0,54.3,95.5,0.0921,27959.0,0,0,0,0,2,0.0,0.1429,0.2857,0.8571,0.0,0.0,0.0,0.0,0.0
london,Southfields,subdivision,42,28,19,99.55,69.35,227.35,0.0911,203881.0,1,2,5,6,4,0.0476,0.4524,0.0952,0.6667,0.0526,0.1053,0.2632,0.3158,0.0
london,Southgate,subdivision,8,3,3,154.3,79.45,254.3,0.1417,49510.0,1,1,1,2,2,0.0,0.375,0.25,0.375,0.3333,0.3333,0.3333,0.6667,0.0
london,Spring Grove,subdivision,20,13,11,98.1,70.325,155.5,0.0151,27360.0,0,0,2,8,5,0.1,0.55,0.25,0.65,0.0,0.0,0.1818,0.7273,0.1429
london,St Margarets,subdivision,16,12,13,227.25,98.65,301.625,0.1246,357574.0,3,4,4,3,2,0.0,0.8125,0.125,0.75,0.2308,0.3077,0.3077,0.2308,0.0
london,St Mary Cray,subdivision,1,0,1,,,,,0.0,0,0,0,1,0,0.0,1.0,0.0,0.0,0.0,0.0,0.0,1.0,
london,St Pancras,subdivision,28,19,19,258.5,237.7,349.45,0.2223,754019.0,8,9,9,6,19,0.1786,0.6786,0.6786,0.6786,0.4211,0.4737,0.4737,0.3158,0.1429
london,St Paul's Cray,subdivision,3,2,2,209.0,104.5,256.1,0.1593,62260.0,1,1,1,0,0,0.0,0.6667,0.0,0.6667,0.5,0.5,0.5,0.0,0.0
london,St Raphaels,subdivision,1,1,0,128.8,128.8,128.8,0.0,0.0,0,0,0,0,0,0.0,0.0,0.0,1.0,,,,,
london,St. James's,subdivision,21,13,18,352.85,175.15,565.225,0.2152,1176086.0,6,8,8,5,11,0.1905,0.8571,0.5238,0.619,0.3333,0.4444,0.4444,0.2778,0.2308
london,St. John's Wood,neighborhood,42,26,35,277.4,189.65,457.35,0.1156,453726.0,6,8,11,17,19,0.1429,0.8333,0.4524,0.619,0.1714,0.2286,0.3143,0.4857,0.125
london,Stamford Hill,subdivision,14,9,12,167.7,139.6,202.0,0.0568,107832.0,3,3,3,5,4,0.1429,0.8571,0.2857,0.6429,0.25,0.25,0.25,0.4167,0.2
london,Stanmore,subdivision,7,3,4,146.05,73.2,236.975,0.1415,22697.0,0,0,1,3,2,0.0,0.5714,0.2857,0.4286,0.0,0.0,0.25,0.75,0.0
london,Stepney,subdivision,50,27,28,96.0,71.45,217.85,0.1008,383158.0,4,6,7,16,26,0.22,0.56,0.52,0.54,0.1429,0.2143,0.25,0.5714,0.0455
london,Stockwell,subdivision,59,29,42,192.2,87.6,341.35,0.1918,825448.0,12,13,13,19,25,0.0678,0.7119,0.4237,0.4915,0.2857,0.3095,0.3095,0.4524,0.1379
london,Stoke Newington,subdivision,47,25,32,158.35,90.15,221.95,0.0677,260330.0,5,8,8,13,6,0.0638,0.6809,0.1277,0.5319,0.1562,0.25,0.25,0.4062,0.0455
london,Strand-on-the-Green,subdivision,10,5,5,110.9,102.2,110.9,0.2956,70789.0,0,0,0,4,3,0.2,0.5,0.3,0.5,0.0,0.0,0.0,0.8,0.0
london,Stratford,subdivision,28,21,17,225.4,112.3,303.0,0.0751,197073.0,3,5,6,4,9,0.0,0.6071,0.3214,0.75,0.1765,0.2941,0.3529,0.2353,0.0833
london,Stratford Marsh,subdivision,23,9,15,82.3,0.0,182.3,0.0509,154280.0,4,4,5,6,9,0.1739,0.6522,0.3913,0.3913,0.2667,0.2667,0.3333,0.4,0.2222
london,Strawberry Hill,subdivision,10,7,8,196.0,88.3,263.7,0.0184,127753.0,2,4,5,3,3,0.1,0.8,0.3,0.7,0.25,0.5,0.625,0.375,0.0
london,Streatham,subdivision,28,17,19,137.2,84.525,196.425,0.0605,124340.0,2,3,6,6,12,0.1429,0.6786,0.4286,0.6071,0.1053,0.1579,0.3158,0.3158,0.0
london,Streatham Hill,subdivision,49,32,27,111.3,53.875,147.95,0.0768,199356.0,3,4,6,6,9,0.0816,0.551,0.1837,0.6531,0.1111,0.1481,0.2222,0.2222,0.0435
london,Stroud Green,subdivision,13,6,8,99.35,87.775,119.9,0.075,71094.0,1,1,1,5,3,0.0,0.6154,0.2308,0.4615,0.125,0.125,0.125,0.625,0.1667
london,Sudbury,subdivision,19,10,6,83.6,57.4,271.0,0.1684,148696.0,1,1,3,1,10,0.1053,0.3158,0.5263,0.5263,0.1667,0.1667,0.5,0.1667,0.0
london,Sudbury Hill,subdivision,2,1,2,257.65,214.125,301.175,0.0555,25245.0,0,1,1,0,0,0.0,1.0,0.0,0.5,0.0,0.5,0.5,0.0,0.0
london,Summerstown,subdivision,19,12,13,188.55,117.675,253.3,0.05,182459.0,4,4,4,5,5,0.0526,0.6842,0.2632,0.6316,0.3077,0.3077,0.3077,0.3846,0.0
london,Sundridge,subdivision,3,1,1,124.05,82.475,165.625,0.0,43.0,0,0,0,0,0,0.0,0.3333,0.0,0.3333,0.0,0.0,0.0,0.0,0.0
london,Surbiton,subdivision,21,14,14,147.95,105.05,251.95,0.1146,250409.0,3,5,7,4,4,0.0952,0.6667,0.1905,0.6667,0.2143,0.3571,0.5,0.2857,0.0
london,Temple Fortune,subdivision,15,11,13,227.9,153.35,352.675,0.1704,426531.0,5,5,6,5,11,0.2,0.8667,0.7333,0.7333,0.3846,0.3846,0.4615,0.3846,0.1429
london,Temple Mills,subdivision,7,7,3,105.2,93.65,179.5,0.1349,114360.0,1,1,2,1,2,0.2857,0.4286,0.2857,1.0,0.3333,0.3333,0.6667,0.3333,0.0
london,Thames View,subdivision,7,5,5,180.0,108.4,201.275,0.1112,61062.0,1,1,1,2,2,0.0,0.7143,0.2857,0.7143,0.2,0.2,0.2,0.4,0.0
london,Thamesmead,subdivision,12,9,6,155.1,89.5,183.15,0.0425,57174.0,1,2,2,1,1,0.0,0.5,0.0833,0.75,0.1667,0.3333,0.3333,0.1667,0.0
london,The Borough,subdivision,85,48,54,195.4,114.8,348.25,0.1942,1240364.0,12,14,21,27,40,0.2235,0.6353,0.4706,0.5647,0.2222,0.2593,0.3889,0.5,0.1875
london,The Hale,subdivision,4,0,3,112.15,56.075,168.225,0.0,0.0,0,0,0,2,2,0.0,0.75,0.5,0.0,0.0,0.0,0.0,0.6667,0.0
london,The Wrythe,subdivision,4,3,1,72.6,58.15,118.95,0.0667,7105.0,0,0,0,0,2,0.5,0.25,0.5,0.75,0.0,0.0,0.0,0.0,0.0
london,Thornton Heath,subdivision,18,10,4,54.1,47.1,94.2,0.077,21047.0,0,0,0,2,4,0.1111,0.2222,0.2222,0.5556,0.0,0.0,0.0,0.5,0.0
london,Tolworth,subdivision,2,1,0,44.4,44.4,44.4,0.0,0.0,0,0,0,0,0,0.0,0.0,0.0,0.5,,,,,0.0
london,Tottenham,subdivision,34,20,16,130.4,70.9,232.0,0.0809,235275.0,3,4,4,7,6,0.1176,0.4706,0.1765,0.5882,0.1875,0.25,0.25,0.4375,0.0
london,Tottenham Hale,subdivision,4,4,4,274.05,239.225,309.625,0.0668,70530.0,2,2,2,1,3,0.75,1.0,0.75,1.0,0.5,0.5,0.5,0.25,0.5
london,Totteridge,subdivision,1,1,0,66.9,66.9,66.9,0.0,0.0,0,0,0,0,0,0.0,0.0,0.0,1.0,,,,,
london,Tufnell Park,subdivision,14,11,9,160.45,120.325,265.375,0.1388,409092.0,3,4,6,2,4,0.0714,0.6429,0.2857,0.7857,0.3333,0.4444,0.6667,0.2222,0.0
london,Tulse Hill,subdivision,16,12,10,112.7,70.975,146.4,0.1174,133874.0,3,3,5,3,2,0.0625,0.625,0.125,0.75,0.3,0.3,0.5,0.3,0.0
london,Upminster,subdivision,1,1,1,275.1,275.1,275.1,0.0,0.0,0,0,0,1,0,0.0,1.0,0.0,1.0,0.0,0.0,0.0,1.0,
london,Upper Belvedere,subdivision,2,2,0,58.15,55.525,60.775,0.011,306.0,0,0,0,0,0,0.0,0.0,0.0,1.0,,,,,0.0
london,Upper Norwood,subdivision,10,6,6,183.3,138.5,243.7,0.2936,186601.0,4,4,5,1,2,0.0,0.6,0.2,0.6,0.6667,0.6667,0.8333,0.1667,0.0
london,Upper Sydenham,subdivision,2,1,1,53.2,53.2,53.2,0.0,109.0,0,0,0,1,0,0.0,0.5,0.0,0.5,0.0,0.0,0.0,1.0,0.0
london,Upper Walthamstow,subdivision,4,3,1,91.4,81.1,101.7,0.0,1649.0,0,0,0,1,0,0.0,0.25,0.0,0.75,0.0,0.0,0.0,1.0,0.0
london,Upton,subdivision,6,4,3,52.6,48.3,118.1,0.1646,43859.0,2,2,2,0,1,0.0,0.5,0.1667,0.6667,0.6667,0.6667,0.6667,0.0,0.0
london,Upton Park,subdivision,5,3,0,74.1,60.225,84.7,0.125,6424.0,0,0,0,0,0,0.0,0.0,0.0,0.6,,,,,0.0
london,Vauxhall,subdivision,46,32,37,259.4,130.4,439.0,0.1406,1101176.0,10,14,17,12,16,0.1522,0.8043,0.3478,0.6957,0.2703,0.3784,0.4595,0.3243,0.1739
london,Victoria,neighborhood,25,10,19,336.9,139.0,535.5,0.0974,379634.0,3,4,6,11,14,0.28,0.76,0.56,0.4,0.1579,0.2105,0.3158,0.5789,0.0
london,Waddon,subdivision,13,8,5,56.0,54.9,155.5,0.0444,42727.0,1,1,1,1,5,0.0,0.3846,0.3846,0.6154,0.2,0.2,0.2,0.2,0.0
london,Wallington,subdivision,1,1,0,51.0,51.0,51.0,0.256,2781.0,0,0,0,0,0,0.0,0.0,0.0,1.0,,,,,0.0
london,Walthamstow Village,subdivision,6,4,5,182.4,167.9,213.0,0.2732,180135.0,4,4,4,0,0,0.0,0.8333,0.0,0.6667,0.8,0.8,0.8,0.0,0.0
london,Walworth,subdivision,58,40,32,144.45,83.0,199.875,0.151,588822.0,7,9,11,11,15,0.1379,0.5517,0.2586,0.6897,0.2188,0.2812,0.3438,0.3438,0.1379
london,Wandsworth,subdivision,50,34,38,227.65,110.9,300.225,0.1108,580518.0,10,12,13,17,13,0.08,0.76,0.26,0.68,0.2632,0.3158,0.3421,0.4474,0.0952
london,Wanstead,subdivision,4,3,2,184.45,64.775,298.2,0.1082,68208.0,1,1,1,1,0,0.0,0.5,0.0,0.75,0.5,0.5,0.5,0.5,0.0
london,Wapping,subdivision,41,23,31,183.1,128.85,264.425,0.0863,399402.0,7,7,10,16,21,0.122,0.7561,0.5122,0.561,0.2258,0.2258,0.3226,0.5161,0.0
london,Warwick Estate,subdivision,1,1,1,251.2,251.2,251.2,0.0,277.0,0,0,0,0,0,0.0,1.0,0.0,1.0,0.0,0.0,0.0,0.0,
london,Waterloo,subdivision,30,15,23,242.5,149.4,400.0,0.2594,642354.0,6,8,8,9,11,0.2667,0.7667,0.3667,0.5,0.2609,0.3478,0.3478,0.3913,0.1875
london,Wayfarer Estate,subdivision,1,0,0,,,,,0.0,0,0,0,0,0,0.0,0.0,0.0,0.0,,,,,
london,Wealdstone,subdivision,12,10,7,117.4,60.175,184.4,0.0367,40945.0,1,1,2,2,5,0.1667,0.5833,0.4167,0.8333,0.1429,0.1429,0.2857,0.2857,0.0
london,Well Hall,subdivision,7,4,2,77.5,58.225,109.825,0.074,22447.0,1,1,1,1,2,0.0,0.2857,0.2857,0.5714,0.5,0.5,0.5,0.5,0.0
london,Welling,subdivision,1,0,0,,,,,0.0,0,0,0,0,0,0.0,0.0,0.0,0.0,,,,,
london,West Barnes,subdivision,5,4,3,124.75,102.95,153.75,0.1168,42372.0,1,1,2,0,1,0.0,0.6,0.2,0.8,0.3333,0.3333,0.6667,0.0,0.0
london,West Drayton,subdivision,12,7,6,72.7,55.5,100.75,0.0522,45008.0,1,2,2,2,2,0.0,0.5,0.1667,0.5833,0.1667,0.3333,0.3333,0.3333,0.0
london,West Ealing,subdivision,4,2,3,196.4,98.2,366.85,0.0,29774.0,1,1,1,1,1,0.25,0.75,0.25,0.5,0.3333,0.3333,0.3333,0.3333,0.0
london,West Finchley,subdivision,13,8,7,183.05,157.45,291.9,0.0542,91860.0,1,2,3,2,3,0.1538,0.5385,0.2308,0.6154,0.1429,0.2857,0.4286,0.2857,0.0
london,West Green,subdivision,56,38,30,99.4,62.95,166.975,0.1198,449989.0,9,12,13,9,12,0.0357,0.5357,0.2143,0.6786,0.3,0.4,0.4333,0.3,0.0357
london,West Hackney,subdivision,27,16,22,170.9,102.9,225.0,0.0238,76742.0,2,2,2,6,3,0.1111,0.8148,0.1111,0.5926,0.0909,0.0909,0.0909,0.2727,0.0
london,West Ham,subdivision,20,8,5,73.2,63.3,87.3,0.1405,28834.0,0,0,0,2,7,0.15,0.25,0.35,0.4,0.0,0.0,0.0,0.4,0.0
london,West Hampstead,subdivision,40,19,34,139.7,115.2,238.4,0.0498,194530.0,6,6,6,17,20,0.2,0.85,0.5,0.475,0.1765,0.1765,0.1765,0.5,0.2
london,West Heath,subdivision,4,2,2,86.7,75.15,155.0,0.3813,40234.0,1,1,1,0,0,0.0,0.5,0.0,0.5,0.5,0.5,0.5,0.0,0.0
london,West Hendon,subdivision,5,3,2,195.1,121.65,284.45,0.0407,28743.0,1,1,1,1,1,0.0,0.4,0.2,0.6,0.5,0.5,0.5,0.5,0.0
london,West Kensington,subdivision,127,78,90,187.25,120.125,288.775,0.1415,1576029.0,24,30,34,34,53,0.1102,0.7087,0.4173,0.6142,0.2667,0.3333,0.3778,0.3778,0.0469
london,West Kilburn,subdivision,41,28,33,207.7,170.975,287.975,0.1552,810777.0,9,10,15,12,21,0.0976,0.8049,0.5122,0.6829,0.2727,0.303,0.4545,0.3636,0.0588
london,West Norwood,subdivision,16,5,7,66.95,29.475,158.575,0.0084,27125.0,1,1,1,4,1,0.0,0.4375,0.0625,0.3125,0.1429,0.1429,0.1429,0.5714,0.0
london,West Smithfield,subdivision,2,1,2,239.4,239.4,239.4,0.0,0.0,0,0,0,1,1,0.5,1.0,0.5,0.5,0.0,0.0,0.0,0.5,0.0
london,West Tokyngton,subdivision,3,2,0,165.4,129.45,201.35,0.0445,10038.0,0,0,0,0,1,0.0,0.0,0.3333,0.6667,,,,,0.0
london,Westbourne Green,subdivision,210,116,178,250.2,172.65,340.275,0.1062,2923993.0,41,48,51,85,119,0.2619,0.8476,0.5667,0.5524,0.2303,0.2697,0.2865,0.4775,0.0972
london,Westminster,subdivision,22,20,17,469.6,309.725,680.725,0.195,1024595.0,7,8,9,5,11,0.4091,0.7727,0.5,0.9091,0.4118,0.4706,0.5294,0.2941,0.2222
london,Whetstone,subdivision,7,3,2,117.5,27.75,141.85,0.0463,17827.0,1,1,1,0,2,0.0,0.2857,0.2857,0.4286,0.5,0.5,0.5,0.0,0.0
london,Whitechapel,subdivision,242,167,148,184.0,107.075,267.35,0.1698,3780120.0,44,48,57,52,119,0.157,0.6116,0.4917,0.6901,0.2973,0.3243,0.3851,0.3514,0.0776
london,Whitton,subdivision,7,6,5,170.35,91.575,198.275,0.1742,71887.0,2,2,2,1,0,0.0,0.7143,0.0,0.8571,0.4,0.4,0.4,0.2,0.0
london,Widmore,subdivision,4,4,3,145.75,102.075,173.925,0.1945,47002.0,1,2,2,1,0,0.0,0.75,0.0,1.0,0.3333,0.6667,0.6667,0.3333,0.0
london,Wimbledon Grounds,subdivision,1,0,1,,,,,0.0,0,0,0,1,0,0.0,1.0,0.0,0.0,0.0,0.0,0.0,1.0,
london,Wimbledon Park,subdivision,13,8,7,233.0,92.8,350.2,0.1852,188048.0,2,3,3,3,0,0.0,0.5385,0.0,0.6154,0.2857,0.4286,0.4286,0.4286,0.0
london,Wimbledon Village,subdivision,2,2,1,219.5,201.95,237.05,0.0055,24651.0,0,1,1,0,1,0.0,0.5,0.5,1.0,0.0,1.0,1.0,0.0,0.0
london,Wood Street,subdivision,1,0,1,0.0,0.0,0.0,0.0,0.0,0,0,0,0,0,0.0,1.0,0.0,0.0,0.0,0.0,0.0,0.0,0.0
london,Woodberry Down,subdivision,1,0,0,,,,,0.0,0,0,0,0,0,0.0,0.0,0.0,0.0,,,,,
london,Woodford,subdivision,3,0,2,,,,,0.0,0,0,0,2,0,0.0,0.6667,0.0,0.0,0.0,0.0,0.0,1.0,
london,Woodford Green,subdivision,1,1,0,72.3,72.3,72.3,0.044,1362.0,0,0,0,0,0,0.0,0.0,0.0,1.0,,,,,0.0
london,Woodford Wells,subdivision,2,1,0,106.7,106.7,106.7,0.0,675.0,0,0,0,0,0,0.0,0.0,0.0,0.5,,,,,0.0
london,Woodside,subdivision,7,5,2,69.6,54.0,104.45,0.0206,37499.0,0,0,2,0,0,0.0,0.2857,0.0,0.7143,0.0,0.0,1.0,0.0,0.0
london,Woodside Park,subdivision,7,5,4,81.6,36.9,260.75,0.3096,279017.0,3,3,3,0,3,0.0,0.5714,0.4286,0.7143,0.75,0.75,0.75,0.0,0.0
london,Worcester Park,subdivision,4,2,2,127.25,86.775,167.725,0.0,22358.0,1,1,1,1,0,0.0,0.5,0.0,0.5,0.5,0.5,0.5,0.5,0.0
london,Worton,subdivision,21,10,12,116.3,65.05,151.75,0.12,131659.0,3,4,5,5,2,0.0,0.5714,0.0952,0.4762,0.25,0.3333,0.4167,0.4167,0.0
london,Yeading,subdivision,2,1,1,63.1,63.1,63.1,0.0,2042.0,0,0,0,1,0,0.0,0.5,0.0,0.5,0.0,0.0,0.0,1.0,0.0
london,Yiewsley,subdivision,7,5,5,87.85,75.775,120.4,0.0927,28316.0,1,1,1,0,2,0.1429,0.7143,0.2857,0.7143,0.2,0.2,0.2,0.0,0.0
